no;id;unit;time;value;sec.agriculture;sec.energy;sec.industry;sec.construction;sec.services.venta;sec.services.nonventa;school.illit;school.prim;school.med;school.high;school.post.high;popdens;invest;invest_ratio;value_raw
1;1;Spain (Espana);1955;2.354541638;NA;NA;NA;NA;NA;NA;NA;NA;NA;NA;NA;NA;NA;NA;2.354541638
2;1;Spain (Espana);1956;2.480148581;NA;NA;NA;NA;NA;NA;NA;NA;NA;NA;NA;NA;NA;NA;2.480148581
3;1;Spain (Espana);1957;2.603613149;NA;NA;NA;NA;NA;NA;NA;NA;NA;NA;NA;NA;NA;NA;2.603613149
4;1;Spain (Espana);1958;2.637103597;NA;NA;NA;NA;NA;NA;NA;NA;NA;NA;NA;NA;NA;NA;2.637103597
5;1;Spain (Espana);1959;2.669880139;NA;NA;NA;NA;NA;NA;NA;NA;NA;NA;NA;NA;NA;NA;2.669880139
6;1;Spain (Espana);1960;2.86996575;NA;NA;NA;NA;NA;NA;NA;NA;NA;NA;NA;NA;NA;NA;2.86996575
7;1;Spain (Espana);1961;3.047486354;19.54000092;4.710000038;26.42000008;6.269999981;36.61999893;6.440000057;NA;NA;NA;NA;NA;NA;NA;NA;3.047486354
8;1;Spain (Espana);1962;3.273279168;NA;NA;NA;NA;NA;NA;NA;NA;NA;NA;NA;NA;NA;NA;3.273279168
9;1;Spain (Espana);1963;3.493501935;19.04999924;4.309999943;26.04999924;6.829999924;38;5.769999981;NA;NA;NA;NA;NA;NA;NA;NA;3.493501935
10;1;Spain (Espana);1964;3.600114279;NA;NA;NA;NA;NA;NA;2863.27832;18679.0957;1064.245728;359.7457275;212.1434174;NA;18.36018372;5.09988914;3.600114279
11;1;Spain (Espana);1965;3.700799841;16.15999985;4.309999943;27.01000023;7.639999866;38.40000153;6.480000019;2826.321533;18805.34961;1129.031128;377.9471436;218;NA;20.57306099;5.559085028;3.700799841
12;1;Spain (Espana);1966;3.823479023;NA;NA;NA;NA;NA;NA;2789.842041;18959.24609;1201.23584;398.7253723;224.3354034;NA;22.26300049;5.822707631;3.823479023
13;1;Spain (Espana);1967;3.939660254;14.11999989;4.139999866;26.73999977;7.670000076;39.56999969;7.760000229;2753.833252;19178.0957;1285.103516;422.2678833;231.9750061;NA;22.63476563;5.745359794;3.939660254
14;1;Spain (Espana);1968;4.173736006;NA;NA;NA;NA;NA;NA;2718.289063;19319.00195;1487.380737;447.3210754;236.0500031;NA;23.11261559;5.537632364;4.173736006
15;1;Spain (Espana);1969;4.410525738;12.81000042;4.130000114;26.77000046;7.840000153;40.06000137;8.390000343;2683.203857;19459.55859;1696.146851;474.9411621;252.25;66.33999634;23.82350159;5.401510613;4.410525738
16;1;Spain (Espana);1970;4.591688229;NA;NA;NA;NA;NA;NA;NA;NA;NA;NA;NA;NA;23.45126724;5.107330044;4.591688229
17;1;Spain (Espana);1971;4.769065877;NA;NA;NA;NA;NA;NA;NA;NA;NA;NA;NA;NA;21.70072556;4.550309456;4.769065877
18;1;Spain (Espana);1972;5.074264322;NA;NA;NA;NA;NA;NA;NA;NA;NA;NA;NA;NA;23.08349991;4.549132336;5.074264322
19;1;Spain (Espana);1973;5.373536202;NA;NA;NA;NA;NA;NA;NA;NA;NA;NA;NA;NA;24.41106796;4.542831209;5.373536202
20;1;Spain (Espana);1974;5.506783654;NA;NA;NA;NA;NA;NA;NA;NA;NA;NA;NA;NA;25.05462456;4.549774629;5.506783654
21;1;Spain (Espana);1975;5.632604813;NA;NA;NA;NA;NA;NA;NA;NA;NA;NA;NA;NA;23.15032959;4.110057488;5.632604813
22;1;Spain (Espana);1976;5.697443553;NA;NA;NA;NA;NA;NA;NA;NA;NA;NA;NA;NA;22.43714142;3.938106839;5.697443553
23;1;Spain (Espana);1977;5.759497269;NA;NA;NA;NA;NA;NA;NA;NA;NA;NA;NA;NA;21.73549652;3.773853082;5.759497269
24;1;Spain (Espana);1978;5.716652368;NA;NA;NA;NA;NA;NA;NA;NA;NA;NA;NA;NA;21.06911469;3.685568639;5.716652368
25;1;Spain (Espana);1979;5.687232237;NA;NA;NA;NA;NA;NA;NA;NA;NA;NA;NA;NA;20.06662178;3.528363349;5.687232237
26;1;Spain (Espana);1980;5.710796845;NA;NA;NA;NA;NA;NA;NA;NA;NA;NA;NA;NA;19.9076252;3.485962771;5.710796845
27;1;Spain (Espana);1981;5.759925701;NA;NA;NA;NA;NA;NA;NA;NA;NA;NA;NA;NA;19.12185097;3.319808616;5.759925701
28;1;Spain (Espana);1982;5.82526435;NA;NA;NA;NA;NA;NA;NA;NA;NA;NA;NA;NA;19.20430946;3.296727549;5.82526435
29;1;Spain (Espana);1983;5.893530542;NA;NA;NA;NA;NA;NA;NA;NA;NA;NA;NA;NA;18.4446907;3.129650483;5.893530542
30;1;Spain (Espana);1984;6.004213204;NA;NA;NA;NA;NA;NA;NA;NA;NA;NA;NA;NA;16.78216171;2.795064256;6.004213204
31;1;Spain (Espana);1985;6.116395159;NA;NA;NA;NA;NA;NA;NA;NA;NA;NA;NA;NA;17.4106369;2.846552005;6.116395159
32;1;Spain (Espana);1986;6.496501139;NA;NA;NA;NA;NA;NA;NA;NA;NA;NA;NA;NA;17.96013451;2.764585755;6.496501139
33;1;Spain (Espana);1987;6.878177454;NA;NA;NA;NA;NA;NA;NA;NA;NA;NA;NA;NA;19.29797745;2.805681821;6.878177454
34;1;Spain (Espana);1988;7.242930504;NA;NA;NA;NA;NA;NA;NA;NA;NA;NA;NA;NA;20.82528496;2.875256769;7.242930504
35;1;Spain (Espana);1989;7.608540417;NA;NA;NA;NA;NA;NA;NA;NA;NA;NA;NA;NA;22.47564125;2.95400169;7.608540417
36;1;Spain (Espana);1990;7.794915564;NA;NA;NA;NA;NA;NA;NA;NA;NA;NA;NA;NA;23.3564167;2.996365581;7.794915564
37;1;Spain (Espana);1991;7.978435082;NA;NA;NA;NA;NA;NA;NA;NA;NA;NA;NA;NA;23.14640808;2.901121316;7.978435082
38;1;Spain (Espana);1992;7.834903964;NA;NA;NA;NA;NA;NA;NA;NA;NA;NA;NA;NA;22.43602753;2.863599558;7.834903964
39;1;Spain (Espana);1993;7.692087626;NA;NA;NA;NA;NA;NA;NA;NA;NA;NA;NA;NA;20.37486076;2.648807678;7.692087626
40;1;Spain (Espana);1994;7.889888778;NA;NA;NA;NA;NA;NA;NA;NA;NA;NA;NA;NA;20.2575531;2.567533418;7.889888778
41;1;Spain (Espana);1995;8.094829874;NA;NA;NA;NA;NA;NA;NA;NA;NA;NA;NA;NA;21.20672989;2.619786977;8.094829874
42;1;Spain (Espana);1996;8.324049923;NA;NA;NA;NA;NA;NA;NA;NA;NA;NA;NA;NA;NA;NA;8.324049923
43;1;Spain (Espana);1997;8.670379543;NA;NA;NA;NA;NA;NA;NA;NA;NA;NA;NA;NA;NA;NA;8.670379543
44;2;Andalucia;1955;1.68873183;NA;NA;NA;NA;NA;NA;NA;NA;NA;NA;NA;NA;NA;NA;1.68873183
45;2;Andalucia;1956;1.758497533;NA;NA;NA;NA;NA;NA;NA;NA;NA;NA;NA;NA;NA;NA;1.758497533
46;2;Andalucia;1957;1.827620697;NA;NA;NA;NA;NA;NA;NA;NA;NA;NA;NA;NA;NA;NA;1.827620697
47;2;Andalucia;1958;1.852756294;NA;NA;NA;NA;NA;NA;NA;NA;NA;NA;NA;NA;NA;NA;1.852756294
48;2;Andalucia;1959;1.878034847;NA;NA;NA;NA;NA;NA;NA;NA;NA;NA;NA;NA;NA;NA;1.878034847
49;2;Andalucia;1960;2.01013996;NA;NA;NA;NA;NA;NA;NA;NA;NA;NA;NA;NA;NA;NA;2.01013996
50;2;Andalucia;1961;2.129177474;27.71999931;2.779999971;18.45000076;6.96999979;36.63000107;7.449999809;NA;NA;NA;NA;NA;NA;NA;NA;2.129177474
51;2;Andalucia;1962;2.280348446;NA;NA;NA;NA;NA;NA;NA;NA;NA;NA;NA;NA;NA;NA;2.280348446
52;2;Andalucia;1963;2.431019726;27.12999916;2.549999952;18.10000038;7.730000019;37.66999817;6.820000172;NA;NA;NA;NA;NA;NA;NA;NA;2.431019726
53;2;Andalucia;1964;2.508854587;NA;NA;NA;NA;NA;NA;924.4030151;3028.127197;129.5121002;48.95936203;24.93797302;NA;17.40149498;6.936031714;2.508854587
54;2;Andalucia;1965;2.584690028;24.52000046;2.650000095;18.18000031;8.550000191;38.31999969;7.78000021;899.348999;3036.816406;136.1797485;51.77721786;25.75277328;NA;18.30896378;7.083620698;2.584690028
55;2;Andalucia;1966;2.694444349;NA;NA;NA;NA;NA;NA;874.7876587;3049.442383;143.5947266;54.98322678;26.6312027;NA;18.42999268;6.839997525;2.694444349
56;2;Andalucia;1967;2.802342205;21.87000084;2.650000095;18.21999931;8.539999962;39.08000183;9.649999619;850.7105713;3072.635986;152.235733;58.61037827;27.67255402;NA;19.11565781;6.821314602;2.802342205
57;2;Andalucia;1968;2.987360798;NA;NA;NA;NA;NA;NA;827.1092529;3086.955078;174.5954895;62.49102783;28.29547119;NA;20.60848618;6.898559488;2.987360798
58;2;Andalucia;1969;3.179091775;19.72999954;3.24000001;18.43000031;8.859999657;39.22999954;10.52000046;803.9754639;3100.572266;197.2741089;66.77776337;30.38356972;68.51000214;22.05558968;6.937701468;3.179091775
59;2;Andalucia;1970;3.354327265;NA;NA;NA;NA;NA;NA;NA;NA;NA;NA;NA;NA;23.31376266;6.95035422;3.354327265
60;2;Andalucia;1971;3.522922066;NA;NA;NA;NA;NA;NA;NA;NA;NA;NA;NA;NA;22.3175087;6.334942494;3.522922066
61;2;Andalucia;1972;3.75621265;NA;NA;NA;NA;NA;NA;NA;NA;NA;NA;NA;NA;22.12729263;5.890851955;3.75621265
62;2;Andalucia;1973;3.987717812;NA;NA;NA;NA;NA;NA;NA;NA;NA;NA;NA;NA;21.80194855;5.46727466;3.987717812
63;2;Andalucia;1974;4.051842209;NA;NA;NA;NA;NA;NA;NA;NA;NA;NA;NA;NA;23.64689636;5.836085204;4.051842209
64;2;Andalucia;1975;4.112182199;NA;NA;NA;NA;NA;NA;NA;NA;NA;NA;NA;NA;22.75741577;5.534145782;4.112182199
65;2;Andalucia;1976;4.221793564;NA;NA;NA;NA;NA;NA;NA;NA;NA;NA;NA;NA;21.53026199;5.09979033;4.221793564
66;2;Andalucia;1977;4.331690841;NA;NA;NA;NA;NA;NA;NA;NA;NA;NA;NA;NA;18.89835548;4.362812624;4.331690841
67;2;Andalucia;1978;4.305198689;NA;NA;NA;NA;NA;NA;NA;NA;NA;NA;NA;NA;19.81292725;4.60209358;4.305198689
68;2;Andalucia;1979;4.226935179;NA;NA;NA;NA;NA;NA;NA;NA;NA;NA;NA;NA;19.69168091;4.658619088;4.226935179
69;2;Andalucia;1980;4.211511206;NA;NA;NA;NA;NA;NA;NA;NA;NA;NA;NA;NA;20.92322159;4.968103031;4.211511206
70;2;Andalucia;1981;4.207012457;NA;NA;NA;NA;NA;NA;NA;NA;NA;NA;NA;NA;21.83072662;5.189128116;4.207012457
71;2;Andalucia;1982;4.249071537;NA;NA;NA;NA;NA;NA;NA;NA;NA;NA;NA;NA;22.18537712;5.221229374;4.249071537
72;2;Andalucia;1983;4.291630963;NA;NA;NA;NA;NA;NA;NA;NA;NA;NA;NA;NA;21.12686348;4.922805261;4.291630963
73;2;Andalucia;1984;4.358683338;NA;NA;NA;NA;NA;NA;NA;NA;NA;NA;NA;NA;19.92480659;4.571290238;4.358683338
74;2;Andalucia;1985;4.426592577;NA;NA;NA;NA;NA;NA;NA;NA;NA;NA;NA;NA;20.38249588;4.604556559;4.426592577
75;2;Andalucia;1986;4.663238918;NA;NA;NA;NA;NA;NA;NA;NA;NA;NA;NA;NA;19.37265015;4.154333606;4.663238918
76;2;Andalucia;1987;4.90067108;NA;NA;NA;NA;NA;NA;NA;NA;NA;NA;NA;NA;20.49320412;4.181713848;4.90067108
77;2;Andalucia;1988;5.159597171;NA;NA;NA;NA;NA;NA;NA;NA;NA;NA;NA;NA;23.35856628;4.52720736;5.159597171
78;2;Andalucia;1989;5.417737876;NA;NA;NA;NA;NA;NA;NA;NA;NA;NA;NA;NA;25.76229286;4.755175213;5.417737876
79;2;Andalucia;1990;5.585261162;NA;NA;NA;NA;NA;NA;NA;NA;NA;NA;NA;NA;28.31832504;5.070188165;5.585261162
80;2;Andalucia;1991;5.749214475;NA;NA;NA;NA;NA;NA;NA;NA;NA;NA;NA;NA;26.49245262;4.608012579;5.749214475
81;2;Andalucia;1992;5.641245358;NA;NA;NA;NA;NA;NA;NA;NA;NA;NA;NA;NA;24.3187294;4.310879576;5.641245358
82;2;Andalucia;1993;5.53491849;NA;NA;NA;NA;NA;NA;NA;NA;NA;NA;NA;NA;21.18367386;3.827278378;5.53491849
83;2;Andalucia;1994;5.638817289;NA;NA;NA;NA;NA;NA;NA;NA;NA;NA;NA;NA;20.26839066;3.594440042;5.638817289
84;2;Andalucia;1995;5.720722686;NA;NA;NA;NA;NA;NA;NA;NA;NA;NA;NA;NA;22.172575;3.875834613;5.720722686
85;2;Andalucia;1996;5.995929612;NA;NA;NA;NA;NA;NA;NA;NA;NA;NA;NA;NA;NA;NA;5.995929612
86;2;Andalucia;1997;6.300985537;NA;NA;NA;NA;NA;NA;NA;NA;NA;NA;NA;NA;NA;NA;6.300985537
87;3;Aragon;1955;2.288774557;NA;NA;NA;NA;NA;NA;NA;NA;NA;NA;NA;NA;NA;NA;2.288774557
88;3;Aragon;1956;2.445158622;NA;NA;NA;NA;NA;NA;NA;NA;NA;NA;NA;NA;NA;NA;2.445158622
89;3;Aragon;1957;2.603398933;NA;NA;NA;NA;NA;NA;NA;NA;NA;NA;NA;NA;NA;NA;2.603398933
90;3;Aragon;1958;2.639031758;NA;NA;NA;NA;NA;NA;NA;NA;NA;NA;NA;NA;NA;NA;2.639031758
91;3;Aragon;1959;2.677092216;NA;NA;NA;NA;NA;NA;NA;NA;NA;NA;NA;NA;NA;NA;2.677092216
92;3;Aragon;1960;2.881462361;NA;NA;NA;NA;NA;NA;NA;NA;NA;NA;NA;NA;NA;NA;2.881462361
93;3;Aragon;1961;3.09954297;25.06999969;6.909999847;21.65999985;6.800000191;32.84999847;6.710000038;NA;NA;NA;NA;NA;NA;NA;NA;3.09954297
94;3;Aragon;1962;3.359183186;NA;NA;NA;NA;NA;NA;NA;NA;NA;NA;NA;NA;NA;NA;3.359183186
95;3;Aragon;1963;3.614181697;25.34000015;6.079999924;21.72999954;7.53000021;33.34999847;5.960000038;NA;NA;NA;NA;NA;NA;NA;NA;3.614181697
96;3;Aragon;1964;3.680091298;NA;NA;NA;NA;NA;NA;77.66946411;722.2851563;36.21180725;14.24905682;8.341134071;NA;21.2724781;5.780421294;3.680091298
97;3;Aragon;1965;3.745286991;21.02000046;6.269999981;23.60000038;8.289999962;34.22999954;6.599999905;75.80380249;723.7768555;38.29935837;14.87175655;8.452472687;NA;22.76789665;6.079079309;3.745286991
98;3;Aragon;1966;3.883319104;NA;NA;NA;NA;NA;NA;73.97335815;726.2231445;40.62442398;15.58571911;8.575725555;NA;21.47642517;5.53043018;3.883319104
99;3;Aragon;1967;4.016138124;18.47999954;6.079999924;23.37999916;8.430000305;35.70999908;7.929999828;72.17754364;730.9748535;43.3277626;16.39621353;8.741209984;NA;19.72917557;4.912474362;4.016138124
100;3;Aragon;1968;4.243644882;NA;NA;NA;NA;NA;NA;70.41575623;733.1019897;49.99372482;17.25273705;8.765982628;NA;20.58488083;4.850754811;4.243644882
101;3;Aragon;1969;4.476220905;18.71999931;6.050000191;23.53000069;8.109999657;35.31000137;8.279999733;68.68743134;735.1115723;56.83525467;18.19457245;9.229969978;24.04000092;23.63405991;5.279913661;4.476220905
102;3;Aragon;1970;4.59625802;NA;NA;NA;NA;NA;NA;NA;NA;NA;NA;NA;NA;24.92695808;5.423315657;4.59625802
103;3;Aragon;1971;4.723721864;NA;NA;NA;NA;NA;NA;NA;NA;NA;NA;NA;NA;22.16131401;4.69149426;4.723721864
104;3;Aragon;1972;5.001285382;NA;NA;NA;NA;NA;NA;NA;NA;NA;NA;NA;NA;21.90011978;4.378898245;5.001285382
105;3;Aragon;1973;5.283490606;NA;NA;NA;NA;NA;NA;NA;NA;NA;NA;NA;NA;22.70714569;4.297754531;5.283490606
106;3;Aragon;1974;5.442373782;NA;NA;NA;NA;NA;NA;NA;NA;NA;NA;NA;NA;25.39490509;4.666144978;5.442373782
107;3;Aragon;1975;5.600971046;NA;NA;NA;NA;NA;NA;NA;NA;NA;NA;NA;NA;25.42235947;4.538919994;5.600971046
108;3;Aragon;1976;5.73657509;NA;NA;NA;NA;NA;NA;NA;NA;NA;NA;NA;NA;26.06188011;4.543107987;5.73657509
109;3;Aragon;1977;5.866395525;NA;NA;NA;NA;NA;NA;NA;NA;NA;NA;NA;NA;22.85999298;3.896769811;5.866395525
110;3;Aragon;1978;5.925021353;NA;NA;NA;NA;NA;NA;NA;NA;NA;NA;NA;NA;21.28665733;3.592671835;5.925021353
111;3;Aragon;1979;5.952799235;NA;NA;NA;NA;NA;NA;NA;NA;NA;NA;NA;NA;20.49224472;3.442455207;5.952799235
112;3;Aragon;1980;5.974721595;NA;NA;NA;NA;NA;NA;NA;NA;NA;NA;NA;NA;20.72980309;3.469584776;5.974721595
113;3;Aragon;1981;6.011139587;NA;NA;NA;NA;NA;NA;NA;NA;NA;NA;NA;NA;20.82062531;3.463673569;6.011139587
114;3;Aragon;1982;6.133604772;NA;NA;NA;NA;NA;NA;NA;NA;NA;NA;NA;NA;26.48906708;4.318678504;6.133604772
115;3;Aragon;1983;6.260854181;NA;NA;NA;NA;NA;NA;NA;NA;NA;NA;NA;NA;17.56237602;2.805108618;6.260854181
116;3;Aragon;1984;6.372893616;NA;NA;NA;NA;NA;NA;NA;NA;NA;NA;NA;NA;18.1013279;2.840362477;6.372893616
117;3;Aragon;1985;6.49550132;NA;NA;NA;NA;NA;NA;NA;NA;NA;NA;NA;NA;19.53323936;3.007195042;6.49550132
118;3;Aragon;1986;6.926520924;NA;NA;NA;NA;NA;NA;NA;NA;NA;NA;NA;NA;18.32587624;2.645754837;6.926520924
119;3;Aragon;1987;7.358611825;NA;NA;NA;NA;NA;NA;NA;NA;NA;NA;NA;NA;19.59950447;2.663478511;7.358611825
120;3;Aragon;1988;7.802770288;NA;NA;NA;NA;NA;NA;NA;NA;NA;NA;NA;NA;20.082304;2.573740256;7.802770288
121;3;Aragon;1989;8.242645307;NA;NA;NA;NA;NA;NA;NA;NA;NA;NA;NA;NA;22.15775108;2.688184467;8.242645307
122;3;Aragon;1990;8.458297629;NA;NA;NA;NA;NA;NA;NA;NA;NA;NA;NA;NA;22.21042442;2.62587407;8.458297629
123;3;Aragon;1991;8.668237821;NA;NA;NA;NA;NA;NA;NA;NA;NA;NA;NA;NA;22.01795578;2.540072877;8.668237821
124;3;Aragon;1992;8.466866261;NA;NA;NA;NA;NA;NA;NA;NA;NA;NA;NA;NA;22.86540413;2.700574619;8.466866261
125;3;Aragon;1993;8.256926941;NA;NA;NA;NA;NA;NA;NA;NA;NA;NA;NA;NA;21.55924225;2.611049171;8.256926941
126;3;Aragon;1994;8.573978515;NA;NA;NA;NA;NA;NA;NA;NA;NA;NA;NA;NA;21.92118645;2.556711148;8.573978515
127;3;Aragon;1995;8.846758243;NA;NA;NA;NA;NA;NA;NA;NA;NA;NA;NA;NA;20.66674423;2.336081044;8.846758243
128;3;Aragon;1996;9.096686835;NA;NA;NA;NA;NA;NA;NA;NA;NA;NA;NA;NA;NA;NA;9.096686835
129;3;Aragon;1997;9.51870894;NA;NA;NA;NA;NA;NA;NA;NA;NA;NA;NA;NA;NA;NA;9.51870894
130;4;Principado De Asturias;1955;2.502927805;NA;NA;NA;NA;NA;NA;NA;NA;NA;NA;NA;NA;NA;NA;2.502927805
131;4;Principado De Asturias;1956;2.615538409;NA;NA;NA;NA;NA;NA;NA;NA;NA;NA;NA;NA;NA;NA;2.615538409
132;4;Principado De Asturias;1957;2.725792639;NA;NA;NA;NA;NA;NA;NA;NA;NA;NA;NA;NA;NA;NA;2.725792639
133;4;Principado De Asturias;1958;2.751856578;NA;NA;NA;NA;NA;NA;NA;NA;NA;NA;NA;NA;NA;NA;2.751856578
134;4;Principado De Asturias;1959;2.777420824;NA;NA;NA;NA;NA;NA;NA;NA;NA;NA;NA;NA;NA;NA;2.777420824
135;4;Principado De Asturias;1960;2.96729512;NA;NA;NA;NA;NA;NA;NA;NA;NA;NA;NA;NA;NA;NA;2.96729512
136;4;Principado De Asturias;1961;3.143887382;14.11999989;21.36000061;22.07999992;9.029999733;28.45999908;4.949999809;NA;NA;NA;NA;NA;NA;NA;NA;3.143887382
137;4;Principado De Asturias;1962;3.37353608;NA;NA;NA;NA;NA;NA;NA;NA;NA;NA;NA;NA;NA;NA;3.37353608
138;4;Principado De Asturias;1963;3.597257996;15.17000008;19.04000092;22.36000061;8.960000038;29.70999908;4.769999981;NA;NA;NA;NA;NA;NA;NA;NA;3.597257996
139;4;Principado De Asturias;1964;3.672593527;NA;NA;NA;NA;NA;NA;29.01267433;668.6000977;37.55399704;12.83838558;5.938287735;NA;21.04845428;5.731223488;3.672593527
140;4;Principado De Asturias;1965;3.743358831;12.10000038;18.46999931;24.40999985;9.56000042;30.03000069;5.429999828;30.04428864;668.965332;39.88791275;13.50268364;6.106203079;NA;22.65950203;6.053254057;3.743358831
141;4;Principado De Asturias;1966;3.909382824;NA;NA;NA;NA;NA;NA;31.04444122;670.012207;42.48976135;14.26056004;6.287752628;NA;22.34093475;5.714696093;3.909382824
142;4;Principado De Asturias;1967;4.073122139;10.56000042;18.30999947;24.79999924;8.680000305;31.17000008;6.480000019;32.01376724;672.9226685;45.51075745;15.11903095;6.506111622;NA;21.48145676;5.273953498;4.073122139
143;4;Principado De Asturias;1968;4.308626142;NA;NA;NA;NA;NA;NA;32.95290375;672.7047729;52.73724365;16.03348541;6.624710083;NA;23.03805351;5.346960436;4.308626142
144;4;Principado De Asturias;1969;4.54970019;9.859999657;16.05999947;26.97999954;8.800000191;31.38999939;6.909999847;33.86246109;672.2512817;60.21121979;17.04200172;7.083964348;98.73999786;26.04945374;5.725531935;4.54970019
145;4;Principado De Asturias;1970;4.631605151;NA;NA;NA;NA;NA;NA;NA;NA;NA;NA;NA;NA;23.93717957;5.168225439;4.631605151
146;4;Principado De Asturias;1971;4.699657345;NA;NA;NA;NA;NA;NA;NA;NA;NA;NA;NA;NA;21.74786377;4.627542429;4.699657345
147;4;Principado De Asturias;1972;5.022564877;NA;NA;NA;NA;NA;NA;NA;NA;NA;NA;NA;NA;21.0096817;4.183058301;5.022564877
148;4;Principado De Asturias;1973;5.345615364;NA;NA;NA;NA;NA;NA;NA;NA;NA;NA;NA;NA;22.83140182;4.271052118;5.345615364
149;4;Principado De Asturias;1974;5.502499338;NA;NA;NA;NA;NA;NA;NA;NA;NA;NA;NA;NA;24.347826;4.424866685;5.502499338
150;4;Principado De Asturias;1975;5.651956584;NA;NA;NA;NA;NA;NA;NA;NA;NA;NA;NA;NA;23.06209564;4.080373814;5.651956584
151;4;Principado De Asturias;1976;5.592259459;NA;NA;NA;NA;NA;NA;NA;NA;NA;NA;NA;NA;20.9734211;3.75043777;5.592259459
152;4;Principado De Asturias;1977;5.538703332;NA;NA;NA;NA;NA;NA;NA;NA;NA;NA;NA;NA;22.23924637;4.015244189;5.538703332
153;4;Principado De Asturias;1978;5.614610251;NA;NA;NA;NA;NA;NA;NA;NA;NA;NA;NA;NA;19.36667442;3.449335494;5.614610251
154;4;Principado De Asturias;1979;5.704298894;NA;NA;NA;NA;NA;NA;NA;NA;NA;NA;NA;NA;18.12825203;3.177998272;5.704298894
155;4;Principado De Asturias;1980;5.796986558;NA;NA;NA;NA;NA;NA;NA;NA;NA;NA;NA;NA;16.13027573;2.782527709;5.796986558
156;4;Principado De Asturias;1981;5.9356611;NA;NA;NA;NA;NA;NA;NA;NA;NA;NA;NA;NA;15.48353386;2.608560967;5.9356611
157;4;Principado De Asturias;1982;5.849757299;NA;NA;NA;NA;NA;NA;NA;NA;NA;NA;NA;NA;17.84812355;3.051087872;5.849757299
158;4;Principado De Asturias;1983;5.769066155;NA;NA;NA;NA;NA;NA;NA;NA;NA;NA;NA;NA;17.33508301;3.004833458;5.769066155
159;4;Principado De Asturias;1984;5.887318066;NA;NA;NA;NA;NA;NA;NA;NA;NA;NA;NA;NA;15.75010681;2.675260048;5.887318066
160;4;Principado De Asturias;1985;6.011282543;NA;NA;NA;NA;NA;NA;NA;NA;NA;NA;NA;NA;16.30555344;2.712491606;6.011282543
161;4;Principado De Asturias;1986;6.234790025;NA;NA;NA;NA;NA;NA;NA;NA;NA;NA;NA;NA;19.25485802;3.08829294;6.234790025
162;4;Principado De Asturias;1987;6.465295804;NA;NA;NA;NA;NA;NA;NA;NA;NA;NA;NA;NA;21.51031876;3.327043249;6.465295804
163;4;Principado De Asturias;1988;6.688160421;NA;NA;NA;NA;NA;NA;NA;NA;NA;NA;NA;NA;21.13117218;3.159489434;6.688160421
164;4;Principado De Asturias;1989;6.913524585;NA;NA;NA;NA;NA;NA;NA;NA;NA;NA;NA;NA;20.36362076;2.945476002;6.913524585
165;4;Principado De Asturias;1990;6.98314755;NA;NA;NA;NA;NA;NA;NA;NA;NA;NA;NA;NA;22.21227646;3.180840201;6.98314755
166;4;Principado De Asturias;1991;7.040631039;NA;NA;NA;NA;NA;NA;NA;NA;NA;NA;NA;NA;23.66043091;3.360555436;7.040631039
167;4;Principado De Asturias;1992;6.92280756;NA;NA;NA;NA;NA;NA;NA;NA;NA;NA;NA;NA;20.54001999;2.967007217;6.92280756
168;4;Principado De Asturias;1993;6.798343174;NA;NA;NA;NA;NA;NA;NA;NA;NA;NA;NA;NA;18.53783798;2.726817036;6.798343174
169;4;Principado De Asturias;1994;6.954155851;NA;NA;NA;NA;NA;NA;NA;NA;NA;NA;NA;NA;18.60737801;2.675720591;6.954155851
170;4;Principado De Asturias;1995;7.116466916;NA;NA;NA;NA;NA;NA;NA;NA;NA;NA;NA;NA;18.4219799;2.588641263;7.116466916
171;4;Principado De Asturias;1996;7.217223738;NA;NA;NA;NA;NA;NA;NA;NA;NA;NA;NA;NA;NA;NA;7.217223738
172;4;Principado De Asturias;1997;7.475721397;NA;NA;NA;NA;NA;NA;NA;NA;NA;NA;NA;NA;NA;NA;7.475721397
173;5;Baleares (Islas);1955;3.14395886;NA;NA;NA;NA;NA;NA;NA;NA;NA;NA;NA;NA;NA;NA;3.14395886
174;5;Baleares (Islas);1956;3.347757836;NA;NA;NA;NA;NA;NA;NA;NA;NA;NA;NA;NA;NA;NA;3.347757836
175;5;Baleares (Islas);1957;3.549628651;NA;NA;NA;NA;NA;NA;NA;NA;NA;NA;NA;NA;NA;NA;3.549628651
176;5;Baleares (Islas);1958;3.642673487;NA;NA;NA;NA;NA;NA;NA;NA;NA;NA;NA;NA;NA;NA;3.642673487
177;5;Baleares (Islas);1959;3.734861677;NA;NA;NA;NA;NA;NA;NA;NA;NA;NA;NA;NA;NA;NA;3.734861677
178;5;Baleares (Islas);1960;4.058840506;NA;NA;NA;NA;NA;NA;NA;NA;NA;NA;NA;NA;NA;NA;4.058840506
179;5;Baleares (Islas);1961;4.360254108;16.34000015;2.140000105;22.15999985;7.059999943;45.38000107;6.929999828;NA;NA;NA;NA;NA;NA;NA;NA;4.360254108
180;5;Baleares (Islas);1962;4.646172696;NA;NA;NA;NA;NA;NA;NA;NA;NA;NA;NA;NA;NA;NA;4.646172696
181;5;Baleares (Islas);1963;4.911525261;15.80000019;1.940000057;20.09000015;8.149999619;48.29000092;5.730000019;NA;NA;NA;NA;NA;NA;NA;NA;4.911525261
182;5;Baleares (Islas);1964;5.050699713;NA;NA;NA;NA;NA;NA;48.0786171;294.3813477;14.78824139;5.303598404;3.351999998;NA;14.17903423;2.807340574;5.050699713
183;5;Baleares (Islas);1965;5.184661508;12.51000023;2.140000105;18.79000092;8.880000114;52.09999847;5.579999924;48.01712036;296.678833;16.25817108;5.512087822;3.466468573;NA;19.00250053;3.66513812;5.184661508
184;5;Baleares (Islas);1966;5.466795254;NA;NA;NA;NA;NA;NA;47.94920349;299.2917175;17.90406609;5.751986027;3.58977747;NA;26.25341034;4.80234015;5.466795254
185;5;Baleares (Islas);1967;5.737646387;11.01000023;2.119999886;16.53000069;8.600000381;54.77999878;6.960000038;47.87503815;302.8060913;19.80254745;6.02474308;3.735361814;NA;29.70153046;5.176605258;5.737646387
186;5;Baleares (Islas);1968;6.161453696;NA;NA;NA;NA;NA;NA;47.7947998;304.9363098;23.67002487;6.311358929;3.824725866;NA;30.76169586;4.992603593;6.161453696
187;5;Baleares (Islas);1969;6.581691033;9.989999771;2.039999962;13.72000027;8.779999733;58.20999908;7.269999981;47.70865631;306.7874146;27.84817314;6.625851154;4.112591267;104.1699982;26.75209999;4.0646241;6.581691033
188;5;Baleares (Islas);1970;6.887032433;NA;NA;NA;NA;NA;NA;NA;NA;NA;NA;NA;NA;26.44374657;3.839643101;6.887032433
189;5;Baleares (Islas);1971;7.16866627;NA;NA;NA;NA;NA;NA;NA;NA;NA;NA;NA;NA;23.74121666;3.311803865;7.16866627
190;5;Baleares (Islas);1972;7.570693739;NA;NA;NA;NA;NA;NA;NA;NA;NA;NA;NA;NA;23.80752182;3.144694878;7.570693739
191;5;Baleares (Islas);1973;7.956297852;NA;NA;NA;NA;NA;NA;NA;NA;NA;NA;NA;NA;23.10388756;2.903849;7.956297852
192;5;Baleares (Islas);1974;7.972722079;NA;NA;NA;NA;NA;NA;NA;NA;NA;NA;NA;NA;23.31055832;2.923789151;7.972722079
193;5;Baleares (Islas);1975;7.974149894;NA;NA;NA;NA;NA;NA;NA;NA;NA;NA;NA;NA;22.36857033;2.805135422;7.974149894
194;5;Baleares (Islas);1976;8.034846838;NA;NA;NA;NA;NA;NA;NA;NA;NA;NA;NA;NA;19.88592339;2.474959858;8.034846838
195;5;Baleares (Islas);1977;8.08054824;NA;NA;NA;NA;NA;NA;NA;NA;NA;NA;NA;NA;18.08794212;2.238454816;8.08054824
196;5;Baleares (Islas);1978;8.041987655;NA;NA;NA;NA;NA;NA;NA;NA;NA;NA;NA;NA;17.65023994;2.194760885;8.041987655
197;5;Baleares (Islas);1979;8.004855755;NA;NA;NA;NA;NA;NA;NA;NA;NA;NA;NA;NA;17.83884811;2.228503381;8.004855755
198;5;Baleares (Islas);1980;8.25978257;NA;NA;NA;NA;NA;NA;NA;NA;NA;NA;NA;NA;18.26058388;2.210782635;8.25978257
199;5;Baleares (Islas);1981;8.531133613;NA;NA;NA;NA;NA;NA;NA;NA;NA;NA;NA;NA;14.85261917;1.740990101;8.531133613
200;5;Baleares (Islas);1982;8.722507855;NA;NA;NA;NA;NA;NA;NA;NA;NA;NA;NA;NA;13.55852509;1.554429679;8.722507855
201;5;Baleares (Islas);1983;8.925307229;NA;NA;NA;NA;NA;NA;NA;NA;NA;NA;NA;NA;11.62110806;1.302040115;8.925307229
202;5;Baleares (Islas);1984;9.275921165;NA;NA;NA;NA;NA;NA;NA;NA;NA;NA;NA;NA;10.13546944;1.092664465;9.275921165
203;5;Baleares (Islas);1985;9.652241868;NA;NA;NA;NA;NA;NA;NA;NA;NA;NA;NA;NA;11.32904816;1.173721951;9.652241868
204;5;Baleares (Islas);1986;10.25778349;NA;NA;NA;NA;NA;NA;NA;NA;NA;NA;NA;NA;16.51956749;1.610442208;10.25778349
205;5;Baleares (Islas);1987;10.82333584;NA;NA;NA;NA;NA;NA;NA;NA;NA;NA;NA;NA;21.27549744;1.965706114;10.82333584
206;5;Baleares (Islas);1988;11.12039452;NA;NA;NA;NA;NA;NA;NA;NA;NA;NA;NA;NA;25.11395836;2.258369369;11.12039452
207;5;Baleares (Islas);1989;11.40816892;NA;NA;NA;NA;NA;NA;NA;NA;NA;NA;NA;NA;24.88088989;2.180971378;11.40816892
208;5;Baleares (Islas);1990;11.51242467;NA;NA;NA;NA;NA;NA;NA;NA;NA;NA;NA;NA;23.36087608;2.029188181;11.51242467
209;5;Baleares (Islas);1991;11.67951996;NA;NA;NA;NA;NA;NA;NA;NA;NA;NA;NA;NA;20.80740738;1.78152933;11.67951996
210;5;Baleares (Islas);1992;11.31962262;NA;NA;NA;NA;NA;NA;NA;NA;NA;NA;NA;NA;18.02803993;1.592636128;11.31962262
211;5;Baleares (Islas);1993;10.96972259;NA;NA;NA;NA;NA;NA;NA;NA;NA;NA;NA;NA;14.99909782;1.367317879;10.96972259
212;5;Baleares (Islas);1994;11.41959405;NA;NA;NA;NA;NA;NA;NA;NA;NA;NA;NA;NA;17.08986282;1.496538559;11.41959405
213;5;Baleares (Islas);1995;11.77377927;NA;NA;NA;NA;NA;NA;NA;NA;NA;NA;NA;NA;17.89691544;1.52006548;11.77377927
214;5;Baleares (Islas);1996;11.92659205;NA;NA;NA;NA;NA;NA;NA;NA;NA;NA;NA;NA;NA;NA;11.92659205
215;5;Baleares (Islas);1997;12.35004284;NA;NA;NA;NA;NA;NA;NA;NA;NA;NA;NA;NA;NA;NA;12.35004284
216;6;Canarias;1955;1.914381579;NA;NA;NA;NA;NA;NA;NA;NA;NA;NA;NA;NA;NA;NA;1.914381579
217;6;Canarias;1956;2.071836723;NA;NA;NA;NA;NA;NA;NA;NA;NA;NA;NA;NA;NA;NA;2.071836723
218;6;Canarias;1957;2.226078194;NA;NA;NA;NA;NA;NA;NA;NA;NA;NA;NA;NA;NA;NA;2.226078194
219;6;Canarias;1958;2.220865537;NA;NA;NA;NA;NA;NA;NA;NA;NA;NA;NA;NA;NA;NA;2.220865537
220;6;Canarias;1959;2.213439026;NA;NA;NA;NA;NA;NA;NA;NA;NA;NA;NA;NA;NA;NA;2.213439026
221;6;Canarias;1960;2.357683615;NA;NA;NA;NA;NA;NA;NA;NA;NA;NA;NA;NA;NA;NA;2.357683615
222;6;Canarias;1961;2.445729791;26.20999908;9.539999962;9.789999962;6.179999828;40.22999954;8.06000042;NA;NA;NA;NA;NA;NA;NA;NA;2.445729791
223;6;Canarias;1962;2.648243254;NA;NA;NA;NA;NA;NA;NA;NA;NA;NA;NA;NA;NA;NA;2.648243254
224;6;Canarias;1963;2.844758675;23.90999985;8.420000076;9.850000381;6.809999943;43.99000168;7.019999981;NA;NA;NA;NA;NA;NA;NA;NA;2.844758675
225;6;Canarias;1964;2.951156804;NA;NA;NA;NA;NA;NA;134.9775696;505.9425964;33.26465607;10.27091885;5.275831699;NA;17.02593994;5.769242732;2.951156804
226;6;Canarias;1965;3.054198739;19.43000031;8;10.05000019;8.680000305;46.15000153;7.699999809;132.2466125;512.2236938;36.68221664;10.88719559;5.474986076;NA;20.99896431;6.875441352;3.054198739
227;6;Canarias;1966;3.231790821;NA;NA;NA;NA;NA;NA;129.5636902;518.9625854;40.5098114;11.5876646;5.689157963;NA;26.67289162;8.253285282;3.231790821
228;6;Canarias;1967;3.403384643;16.18000031;6.920000076;9.829999924;10.39999962;47.09000015;9.590000153;126.9279709;527.2375488;44.92322159;12.37979889;5.939834595;NA;30.12032509;8.85010901;3.403384643
229;6;Canarias;1968;3.660311531;NA;NA;NA;NA;NA;NA;124.3387222;532.0431519;53.82880783;13.22864628;6.102113247;NA;32.1504631;8.783531901;3.660311531
230;6;Canarias;1969;3.912882191;13.98999977;6.210000038;9.56000042;11.27999973;48.93000031;10.03999996;121.7951584;536.1601563;63.47622299;14.16686916;6.582810402;148.25;28.75689888;7.349288192;3.912882191
231;6;Canarias;1970;4.224935541;NA;NA;NA;NA;NA;NA;NA;NA;NA;NA;NA;NA;23.96039772;5.671186575;4.224935541
232;6;Canarias;1971;4.493573474;NA;NA;NA;NA;NA;NA;NA;NA;NA;NA;NA;NA;23.4238739;5.212749727;4.493573474
233;6;Canarias;1972;4.78191926;NA;NA;NA;NA;NA;NA;NA;NA;NA;NA;NA;NA;27.68212318;5.788914802;4.78191926
234;6;Canarias;1973;5.054912987;NA;NA;NA;NA;NA;NA;NA;NA;NA;NA;NA;NA;26.56485367;5.255254391;5.054912987
235;6;Canarias;1974;4.967794933;NA;NA;NA;NA;NA;NA;NA;NA;NA;NA;NA;NA;23.00514221;4.630855847;4.967794933
236;6;Canarias;1975;4.881533743;NA;NA;NA;NA;NA;NA;NA;NA;NA;NA;NA;NA;20.59934616;4.219851228;4.881533743
237;6;Canarias;1976;4.948443162;NA;NA;NA;NA;NA;NA;NA;NA;NA;NA;NA;NA;18.83433533;3.806113298;4.948443162
238;6;Canarias;1977;5.007926289;NA;NA;NA;NA;NA;NA;NA;NA;NA;NA;NA;NA;20.29922104;4.053418494;5.007926289
239;6;Canarias;1978;5.040916829;NA;NA;NA;NA;NA;NA;NA;NA;NA;NA;NA;NA;19.84486961;3.936757992;5.040916829
240;6;Canarias;1979;5.233504887;NA;NA;NA;NA;NA;NA;NA;NA;NA;NA;NA;NA;18.72413826;3.577743532;5.233504887
241;6;Canarias;1980;5.437089211;NA;NA;NA;NA;NA;NA;NA;NA;NA;NA;NA;NA;18.55327988;3.412355243;5.437089211
242;6;Canarias;1981;5.658240538;NA;NA;NA;NA;NA;NA;NA;NA;NA;NA;NA;NA;16.64167404;2.941139376;5.658240538
243;6;Canarias;1982;5.687303715;NA;NA;NA;NA;NA;NA;NA;NA;NA;NA;NA;NA;16.34113312;2.873265424;5.687303715
244;6;Canarias;1983;5.719865822;NA;NA;NA;NA;NA;NA;NA;NA;NA;NA;NA;NA;14.98877525;2.620476724;5.719865822
245;6;Canarias;1984;5.801342352;NA;NA;NA;NA;NA;NA;NA;NA;NA;NA;NA;NA;15.76159;2.716886722;5.801342352
246;6;Canarias;1985;5.885603904;NA;NA;NA;NA;NA;NA;NA;NA;NA;NA;NA;NA;19.15856934;3.25515778;5.885603904
247;6;Canarias;1986;6.256783863;NA;NA;NA;NA;NA;NA;NA;NA;NA;NA;NA;NA;19.64971352;3.140545358;6.256783863
248;6;Canarias;1987;6.612681934;NA;NA;NA;NA;NA;NA;NA;NA;NA;NA;NA;NA;20.71938133;3.133279589;6.612681934
249;6;Canarias;1988;6.977006552;NA;NA;NA;NA;NA;NA;NA;NA;NA;NA;NA;NA;24.31443977;3.484938647;6.977006552
250;6;Canarias;1989;7.337903282;NA;NA;NA;NA;NA;NA;NA;NA;NA;NA;NA;NA;25.85937119;3.52408177;7.337903282
251;6;Canarias;1990;7.345044099;NA;NA;NA;NA;NA;NA;NA;NA;NA;NA;NA;NA;25.51122284;3.473256593;7.345044099
252;6;Canarias;1991;7.347186692;NA;NA;NA;NA;NA;NA;NA;NA;NA;NA;NA;NA;22.89621735;3.116324425;7.347186692
253;6;Canarias;1992;7.220079803;NA;NA;NA;NA;NA;NA;NA;NA;NA;NA;NA;NA;20.13209724;2.7883483;7.220079803
254;6;Canarias;1993;7.092187964;NA;NA;NA;NA;NA;NA;NA;NA;NA;NA;NA;NA;17.62606049;2.485278249;7.092187964
255;6;Canarias;1994;7.410740137;NA;NA;NA;NA;NA;NA;NA;NA;NA;NA;NA;NA;19.96684647;2.694312052;7.410740137
256;6;Canarias;1995;7.616395141;NA;NA;NA;NA;NA;NA;NA;NA;NA;NA;NA;NA;19.67252159;2.58291767;7.616395141
257;6;Canarias;1996;7.817051922;NA;NA;NA;NA;NA;NA;NA;NA;NA;NA;NA;NA;NA;NA;7.817051922
258;6;Canarias;1997;8.060554476;NA;NA;NA;NA;NA;NA;NA;NA;NA;NA;NA;NA;NA;NA;8.060554476
259;7;Cantabria;1955;2.559411693;NA;NA;NA;NA;NA;NA;NA;NA;NA;NA;NA;NA;NA;NA;2.559411693
260;7;Cantabria;1956;2.693873179;NA;NA;NA;NA;NA;NA;NA;NA;NA;NA;NA;NA;NA;NA;2.693873179
261;7;Cantabria;1957;2.820336986;NA;NA;NA;NA;NA;NA;NA;NA;NA;NA;NA;NA;NA;NA;2.820336986
262;7;Cantabria;1958;2.879034509;NA;NA;NA;NA;NA;NA;NA;NA;NA;NA;NA;NA;NA;NA;2.879034509
263;7;Cantabria;1959;2.943730293;NA;NA;NA;NA;NA;NA;NA;NA;NA;NA;NA;NA;NA;NA;2.943730293
264;7;Cantabria;1960;3.137032259;NA;NA;NA;NA;NA;NA;NA;NA;NA;NA;NA;NA;NA;NA;3.137032259
265;7;Cantabria;1961;3.32762068;16.70999908;3.180000067;37.91999817;5.619999886;31.68000031;4.900000095;NA;NA;NA;NA;NA;NA;NA;NA;3.32762068
266;7;Cantabria;1962;3.555341436;NA;NA;NA;NA;NA;NA;NA;NA;NA;NA;NA;NA;NA;NA;3.555341436
267;7;Cantabria;1963;3.771422625;18.23999977;2.940000057;36.18000031;5.75;32.59999847;4.289999962;NA;NA;NA;NA;NA;NA;NA;NA;3.771422625
268;7;Cantabria;1964;3.839402906;NA;NA;NA;NA;NA;NA;9.684740067;284.5683594;20.74138069;6.544737816;2.737726688;NA;25.91897583;6.750782991;3.839402906
269;7;Cantabria;1965;3.906098327;16.20999908;2.779999971;36.75;6.289999962;33.24000168;4.739999771;9.566921234;286.3302002;21.55850983;6.801005363;2.787033319;NA;28.16316986;7.210051438;3.906098327
270;7;Cantabria;1966;4.032133484;NA;NA;NA;NA;NA;NA;9.450531006;288.4150085;22.46325874;7.095920563;2.840991974;NA;29.7192421;7.370599761;4.032133484
271;7;Cantabria;1967;4.155955441;14.97000027;2.690000057;35.86999893;6.179999828;34.58000183;5.71999979;9.335551262;291.3353882;23.52452278;7.431251049;2.909783125;NA;28.96760178;6.97014253;4.155955441
272;7;Cantabria;1968;4.375892515;NA;NA;NA;NA;NA;NA;9.221964836;292.683197;26.64043427;7.783541203;2.932449579;NA;29.93792343;6.841558226;4.375892515
273;7;Cantabria;1969;4.610825566;13.47999954;2.880000114;35.93000031;6.039999962;35.31999969;6.340000153;9.109755516;294.0982361;29.71037674;8.170063019;3.103301525;87.38999939;31.72035599;6.879539366;4.610825566
274;7;Cantabria;1970;4.791416668;NA;NA;NA;NA;NA;NA;NA;NA;NA;NA;NA;NA;27.29768181;5.697204751;4.791416668
275;7;Cantabria;1971;4.969651615;NA;NA;NA;NA;NA;NA;NA;NA;NA;NA;NA;NA;24.14626312;4.858743629;4.969651615
276;7;Cantabria;1972;5.155384333;NA;NA;NA;NA;NA;NA;NA;NA;NA;NA;NA;NA;26.64632797;5.168640445;5.155384333
277;7;Cantabria;1973;5.338760459;NA;NA;NA;NA;NA;NA;NA;NA;NA;NA;NA;NA;25.93579292;4.858017722;5.338760459
278;7;Cantabria;1974;5.50835486;NA;NA;NA;NA;NA;NA;NA;NA;NA;NA;NA;NA;27.25174141;4.947346731;5.50835486
279;7;Cantabria;1975;5.675235717;NA;NA;NA;NA;NA;NA;NA;NA;NA;NA;NA;NA;25.41833305;4.478815387;5.675235717
280;7;Cantabria;1976;5.796058217;NA;NA;NA;NA;NA;NA;NA;NA;NA;NA;NA;NA;23.32226944;4.023815595;5.796058217
281;7;Cantabria;1977;5.902956473;NA;NA;NA;NA;NA;NA;NA;NA;NA;NA;NA;NA;21.72188377;3.679831263;5.902956473
282;7;Cantabria;1978;5.916595241;NA;NA;NA;NA;NA;NA;NA;NA;NA;NA;NA;NA;20.85492325;3.524818312;5.916595241
283;7;Cantabria;1979;5.906455403;NA;NA;NA;NA;NA;NA;NA;NA;NA;NA;NA;NA;19.33496094;3.273530336;5.906455403
284;7;Cantabria;1980;5.899100152;NA;NA;NA;NA;NA;NA;NA;NA;NA;NA;NA;NA;19.47960854;3.302132195;5.899100152
285;7;Cantabria;1981;5.914881515;NA;NA;NA;NA;NA;NA;NA;NA;NA;NA;NA;NA;23.02974892;3.893526668;5.914881515
286;7;Cantabria;1982;5.916880717;NA;NA;NA;NA;NA;NA;NA;NA;NA;NA;NA;NA;20.20423317;3.414676438;5.916880717
287;7;Cantabria;1983;5.941659578;NA;NA;NA;NA;NA;NA;NA;NA;NA;NA;NA;NA;18.77108955;3.159233427;5.941659578
288;7;Cantabria;1984;6.02884911;NA;NA;NA;NA;NA;NA;NA;NA;NA;NA;NA;NA;18.22849274;3.023544362;6.02884911
289;7;Cantabria;1985;6.138317519;NA;NA;NA;NA;NA;NA;NA;NA;NA;NA;NA;NA;19.65162659;3.201467915;6.138317519
290;7;Cantabria;1986;6.420451265;NA;NA;NA;NA;NA;NA;NA;NA;NA;NA;NA;NA;17.64413643;2.748114689;6.420451265
291;7;Cantabria;1987;6.713224758;NA;NA;NA;NA;NA;NA;NA;NA;NA;NA;NA;NA;20.14746284;3.001160183;6.713224758
292;7;Cantabria;1988;7.023421862;NA;NA;NA;NA;NA;NA;NA;NA;NA;NA;NA;NA;20.37456322;2.900945382;7.023421862
293;7;Cantabria;1989;7.333618966;NA;NA;NA;NA;NA;NA;NA;NA;NA;NA;NA;NA;22.83785248;3.114131316;7.333618966
294;7;Cantabria;1990;7.450728538;NA;NA;NA;NA;NA;NA;NA;NA;NA;NA;NA;NA;22.03008461;2.956769194;7.450728538
295;7;Cantabria;1991;7.596401377;NA;NA;NA;NA;NA;NA;NA;NA;NA;NA;NA;NA;20.61009598;2.713139414;7.596401377
296;7;Cantabria;1992;7.46215367;NA;NA;NA;NA;NA;NA;NA;NA;NA;NA;NA;NA;21.62926102;2.898527955;7.46215367
297;7;Cantabria;1993;7.327905964;NA;NA;NA;NA;NA;NA;NA;NA;NA;NA;NA;NA;23.06521606;3.147586252;7.327905964
298;7;Cantabria;1994;7.550699974;NA;NA;NA;NA;NA;NA;NA;NA;NA;NA;NA;NA;21.56839561;2.856476312;7.550699974
299;7;Cantabria;1995;7.777063522;NA;NA;NA;NA;NA;NA;NA;NA;NA;NA;NA;NA;22.59112167;2.904839546;7.777063522
300;7;Cantabria;1996;7.90774082;NA;NA;NA;NA;NA;NA;NA;NA;NA;NA;NA;NA;NA;NA;7.90774082
301;7;Cantabria;1997;8.226934987;NA;NA;NA;NA;NA;NA;NA;NA;NA;NA;NA;NA;NA;NA;8.226934987
302;8;Castilla Y Leon;1955;1.729148771;NA;NA;NA;NA;NA;NA;NA;NA;NA;NA;NA;NA;NA;NA;1.729148771
303;8;Castilla Y Leon;1956;1.838331923;NA;NA;NA;NA;NA;NA;NA;NA;NA;NA;NA;NA;NA;NA;1.838331923
304;8;Castilla Y Leon;1957;1.947657812;NA;NA;NA;NA;NA;NA;NA;NA;NA;NA;NA;NA;NA;NA;1.947657812
305;8;Castilla Y Leon;1958;1.971365376;NA;NA;NA;NA;NA;NA;NA;NA;NA;NA;NA;NA;NA;NA;1.971365376
306;8;Castilla Y Leon;1959;1.995144201;NA;NA;NA;NA;NA;NA;NA;NA;NA;NA;NA;NA;NA;NA;1.995144201
307;8;Castilla Y Leon;1960;2.138817402;NA;NA;NA;NA;NA;NA;NA;NA;NA;NA;NA;NA;NA;NA;2.138817402
308;8;Castilla Y Leon;1961;2.239502964;32.54999924;9.010000229;16.04999924;6.170000076;29.13999939;7.079999924;NA;NA;NA;NA;NA;NA;NA;NA;2.239502964
309;8;Castilla Y Leon;1962;2.454227381;NA;NA;NA;NA;NA;NA;NA;NA;NA;NA;NA;NA;NA;NA;2.454227381
310;8;Castilla Y Leon;1963;2.672236513;33.22999954;8.170000076;15.75;6.639999866;29.70999908;6.5;NA;NA;NA;NA;NA;NA;NA;NA;2.672236513
311;8;Castilla Y Leon;1964;2.777777778;NA;NA;NA;NA;NA;NA;110.6690979;1800.784668;90.27098846;33.66891479;19.03175926;NA;18.74283218;6.747419586;2.777777778
312;8;Castilla Y Leon;1965;2.882176486;30.52000046;7.849999905;16.36000061;7.369999886;30.61000061;7.28000021;108.5571823;1784.606201;93.01491547;35.05944443;19.05060005;NA;19.85906029;6.890299877;2.882176486
313;8;Castilla Y Leon;1966;2.988074923;NA;NA;NA;NA;NA;NA;106.4813538;1770.786499;96.03627777;36.65673065;19.0829525;NA;19.30957031;6.462210892;2.988074923
314;8;Castilla Y Leon;1967;3.094544311;27.02000046;7.239999771;16.76000023;7.699999809;32.13000107;9.149999619;104.4410248;1762.451782;99.60974121;38.47145081;19.19377327;NA;18.86896896;6.097495161;3.094544311
315;8;Castilla Y Leon;1968;3.302270867;NA;NA;NA;NA;NA;NA;102.4356232;1748.3573;111.6639633;40.383564;18.98243523;NA;19.40282631;5.875601091;3.302270867
316;8;Castilla Y Leon;1969;3.520993906;25.27000046;6.820000172;17.45000076;7.840000153;32.63000107;9.989999771;100.4645844;1734.585693;123.2036896;42.48379898;19.69904137;28.77000046;21.73179626;6.172063016;3.520993906
317;8;Castilla Y Leon;1970;3.670522847;NA;NA;NA;NA;NA;NA;NA;NA;NA;NA;NA;NA;22.3235569;6.0818466;3.670522847
318;8;Castilla Y Leon;1971;3.821836775;NA;NA;NA;NA;NA;NA;NA;NA;NA;NA;NA;NA;21.87364769;5.723333825;3.821836775
319;8;Castilla Y Leon;1972;4.081762249;NA;NA;NA;NA;NA;NA;NA;NA;NA;NA;NA;NA;22.72543335;5.567554395;4.081762249
320;8;Castilla Y Leon;1973;4.345401523;NA;NA;NA;NA;NA;NA;NA;NA;NA;NA;NA;NA;25.28642464;5.819122698;4.345401523
321;8;Castilla Y Leon;1974;4.464724295;NA;NA;NA;NA;NA;NA;NA;NA;NA;NA;NA;NA;26.28277588;5.886763469;4.464724295
322;8;Castilla Y Leon;1975;4.581119523;NA;NA;NA;NA;NA;NA;NA;NA;NA;NA;NA;NA;26.27814484;5.736184071;4.581119523
323;8;Castilla Y Leon;1976;4.732719363;NA;NA;NA;NA;NA;NA;NA;NA;NA;NA;NA;NA;26.54851913;5.6095697;4.732719363
324;8;Castilla Y Leon;1977;4.88467572;NA;NA;NA;NA;NA;NA;NA;NA;NA;NA;NA;NA;25.16910362;5.152666229;4.88467572
325;8;Castilla Y Leon;1978;4.946800914;NA;NA;NA;NA;NA;NA;NA;NA;NA;NA;NA;NA;24.4022541;4.932936362;4.946800914
326;8;Castilla Y Leon;1979;4.920379804;NA;NA;NA;NA;NA;NA;NA;NA;NA;NA;NA;NA;23.97570038;4.872733677;4.920379804
327;8;Castilla Y Leon;1980;4.893744697;NA;NA;NA;NA;NA;NA;NA;NA;NA;NA;NA;NA;26.63893127;5.443465674;4.893744697
328;8;Castilla Y Leon;1981;4.881033833;NA;NA;NA;NA;NA;NA;NA;NA;NA;NA;NA;NA;27.16254807;5.564916981;4.881033833
329;8;Castilla Y Leon;1982;4.92309335;NA;NA;NA;NA;NA;NA;NA;NA;NA;NA;NA;NA;27.6147747;5.609232396;4.92309335
330;8;Castilla Y Leon;1983;4.970722476;NA;NA;NA;NA;NA;NA;NA;NA;NA;NA;NA;NA;25.46177864;5.122349671;4.970722476
331;8;Castilla Y Leon;1984;5.113467772;NA;NA;NA;NA;NA;NA;NA;NA;NA;NA;NA;NA;22.63028336;4.425623542;5.113467772
332;8;Castilla Y Leon;1985;5.261996677;NA;NA;NA;NA;NA;NA;NA;NA;NA;NA;NA;NA;24.71014214;4.695963083;5.261996677
333;8;Castilla Y Leon;1986;5.647314879;NA;NA;NA;NA;NA;NA;NA;NA;NA;NA;NA;NA;19.70412827;3.489114507;5.647314879
334;8;Castilla Y Leon;1987;6.044630036;NA;NA;NA;NA;NA;NA;NA;NA;NA;NA;NA;NA;19.08928871;3.158057416;6.044630036
335;8;Castilla Y Leon;1988;6.354398708;NA;NA;NA;NA;NA;NA;NA;NA;NA;NA;NA;NA;20.94057846;3.295446103;6.354398708
336;8;Castilla Y Leon;1989;6.674021743;NA;NA;NA;NA;NA;NA;NA;NA;NA;NA;NA;NA;22.78425217;3.413871432;6.674021743
337;8;Castilla Y Leon;1990;6.87032273;NA;NA;NA;NA;NA;NA;NA;NA;NA;NA;NA;NA;23.49832153;3.420264587;6.87032273
338;8;Castilla Y Leon;1991;7.063196265;NA;NA;NA;NA;NA;NA;NA;NA;NA;NA;NA;NA;22.53342628;3.190259118;7.063196265
339;8;Castilla Y Leon;1992;7.045487178;NA;NA;NA;NA;NA;NA;NA;NA;NA;NA;NA;NA;24.07423782;3.416972768;7.045487178
340;8;Castilla Y Leon;1993;7.027635136;NA;NA;NA;NA;NA;NA;NA;NA;NA;NA;NA;NA;21.9429493;3.12238027;7.027635136
341;8;Castilla Y Leon;1994;7.074264444;NA;NA;NA;NA;NA;NA;NA;NA;NA;NA;NA;NA;22.29888535;3.152113626;7.074264444
342;8;Castilla Y Leon;1995;7.28291934;NA;NA;NA;NA;NA;NA;NA;NA;NA;NA;NA;NA;22.38030243;3.072985074;7.28291934
343;8;Castilla Y Leon;1996;7.611396918;NA;NA;NA;NA;NA;NA;NA;NA;NA;NA;NA;NA;NA;NA;7.611396918
344;8;Castilla Y Leon;1997;7.888460091;NA;NA;NA;NA;NA;NA;NA;NA;NA;NA;NA;NA;NA;NA;7.888460091
345;9;Castilla-La Mancha;1955;1.327763514;NA;NA;NA;NA;NA;NA;NA;NA;NA;NA;NA;NA;NA;NA;1.327763514
346;9;Castilla-La Mancha;1956;1.415095674;NA;NA;NA;NA;NA;NA;NA;NA;NA;NA;NA;NA;NA;NA;1.415095674
347;9;Castilla-La Mancha;1957;1.503570391;NA;NA;NA;NA;NA;NA;NA;NA;NA;NA;NA;NA;NA;NA;1.503570391
348;9;Castilla-La Mancha;1958;1.531419642;NA;NA;NA;NA;NA;NA;NA;NA;NA;NA;NA;NA;NA;NA;1.531419642
349;9;Castilla-La Mancha;1959;1.559340154;NA;NA;NA;NA;NA;NA;NA;NA;NA;NA;NA;NA;NA;NA;1.559340154
350;9;Castilla-La Mancha;1960;1.667523595;NA;NA;NA;NA;NA;NA;NA;NA;NA;NA;NA;NA;NA;NA;1.667523595
351;9;Castilla-La Mancha;1961;1.752427904;42.13000107;5.090000153;16.12999916;4.789999962;26.38999939;5.46999979;NA;NA;NA;NA;NA;NA;NA;NA;1.752427904
352;9;Castilla-La Mancha;1962;1.920451317;NA;NA;NA;NA;NA;NA;NA;NA;NA;NA;NA;NA;NA;NA;1.920451317
353;9;Castilla-La Mancha;1963;2.091902401;41.54000092;4.579999924;16.23999977;5.110000134;27.37000084;5.159999847;NA;NA;NA;NA;NA;NA;NA;NA;2.091902401
354;9;Castilla-La Mancha;1964;2.182590645;NA;NA;NA;NA;NA;NA;274.3686523;1067.639038;26.89621925;13.6807375;5.951488018;NA;14.95051193;6.849892795;2.182590645
355;9;Castilla-La Mancha;1965;2.274707139;35.06000137;5.320000172;17.52000046;5.96999979;30.12999916;6;266.1831665;1052.435181;28.61089897;14.65271473;6.071892738;NA;16.50789833;7.25715326;2.274707139
356;9;Castilla-La Mancha;1966;2.37839194;NA;NA;NA;NA;NA;NA;258.1632996;1038.838501;30.52298737;15.75344849;6.203178406;NA;17.88525772;7.519895026;2.37839194
357;9;Castilla-La Mancha;1967;2.482362217;31.57999992;5.349999905;18.20000076;6.269999981;31.10000038;7.5;250.3060913;1028.950562;32.74212265;16.99620819;6.367713451;NA;18.64683533;7.511730238;2.482362217
358;9;Castilla-La Mancha;1968;2.709083154;NA;NA;NA;NA;NA;NA;242.6087036;1017.615601;37.99773788;18.33575058;6.432041168;NA;18.71825981;6.909444542;2.709083154
359;9;Castilla-La Mancha;1969;2.947443657;30.12000084;5.559999943;17.79999924;6.909999847;31.20000076;8.399999619;235.0683289;1006.137329;43.44729233;19.81950378;6.822675705;22.37999916;21.11537552;7.163962394;2.947443657
360;9;Castilla-La Mancha;1970;3.136889521;NA;NA;NA;NA;NA;NA;NA;NA;NA;NA;NA;NA;22.89441681;7.298445372;3.136889521
361;9;Castilla-La Mancha;1971;3.319623;NA;NA;NA;NA;NA;NA;NA;NA;NA;NA;NA;NA;23.18982124;6.985679171;3.319623
362;9;Castilla-La Mancha;1972;3.629177456;NA;NA;NA;NA;NA;NA;NA;NA;NA;NA;NA;NA;23.91550446;6.589786458;3.629177456
363;9;Castilla-La Mancha;1973;3.946086728;NA;NA;NA;NA;NA;NA;NA;NA;NA;NA;NA;NA;27.12442589;6.873753103;3.946086728
364;9;Castilla-La Mancha;1974;4.028134644;NA;NA;NA;NA;NA;NA;NA;NA;NA;NA;NA;NA;26.91580582;6.681952862;4.028134644
365;9;Castilla-La Mancha;1975;4.111968201;NA;NA;NA;NA;NA;NA;NA;NA;NA;NA;NA;NA;26.21313095;6.374837954;4.111968201
366;9;Castilla-La Mancha;1976;4.260711103;NA;NA;NA;NA;NA;NA;NA;NA;NA;NA;NA;NA;25.09328461;5.889459294;4.260711103
367;9;Castilla-La Mancha;1977;4.412167987;NA;NA;NA;NA;NA;NA;NA;NA;NA;NA;NA;NA;25.30849648;5.736068198;4.412167987
368;9;Castilla-La Mancha;1978;4.446300865;NA;NA;NA;NA;NA;NA;NA;NA;NA;NA;NA;NA;26.26693535;5.907592884;4.446300865
369;9;Castilla-La Mancha;1979;4.408740534;NA;NA;NA;NA;NA;NA;NA;NA;NA;NA;NA;NA;25.89060974;5.872563727;4.408740534
370;9;Castilla-La Mancha;1980;4.328763298;NA;NA;NA;NA;NA;NA;NA;NA;NA;NA;NA;NA;27.10160828;6.260820103;4.328763298
371;9;Castilla-La Mancha;1981;4.261282491;NA;NA;NA;NA;NA;NA;NA;NA;NA;NA;NA;NA;25.68953705;6.028592825;4.261282491
372;9;Castilla-La Mancha;1982;4.343187451;NA;NA;NA;NA;NA;NA;NA;NA;NA;NA;NA;NA;28.04128456;6.456383675;4.343187451
373;9;Castilla-La Mancha;1983;4.424664416;NA;NA;NA;NA;NA;NA;NA;NA;NA;NA;NA;NA;28.02292061;6.333343723;4.424664416
374;9;Castilla-La Mancha;1984;4.550057144;NA;NA;NA;NA;NA;NA;NA;NA;NA;NA;NA;NA;26.22891045;5.764523305;4.550057144
375;9;Castilla-La Mancha;1985;4.677663507;NA;NA;NA;NA;NA;NA;NA;NA;NA;NA;NA;NA;21.16742325;4.525212901;4.677663507
376;9;Castilla-La Mancha;1986;4.980648316;NA;NA;NA;NA;NA;NA;NA;NA;NA;NA;NA;NA;27.07257652;5.435552724;4.980648316
377;9;Castilla-La Mancha;1987;5.295558604;NA;NA;NA;NA;NA;NA;NA;NA;NA;NA;NA;NA;27.3752861;5.169480342;5.295558604
378;9;Castilla-La Mancha;1988;5.677877784;NA;NA;NA;NA;NA;NA;NA;NA;NA;NA;NA;NA;28.90729904;5.09121544;5.677877784
379;9;Castilla-La Mancha;1989;6.065338579;NA;NA;NA;NA;NA;NA;NA;NA;NA;NA;NA;NA;28.87522316;4.760694359;6.065338579
380;9;Castilla-La Mancha;1990;6.279420131;NA;NA;NA;NA;NA;NA;NA;NA;NA;NA;NA;NA;27.88456917;4.44062805;6.279420131
381;9;Castilla-La Mancha;1991;6.474507301;NA;NA;NA;NA;NA;NA;NA;NA;NA;NA;NA;NA;29.47135353;4.551906757;6.474507301
382;9;Castilla-La Mancha;1992;6.330691144;NA;NA;NA;NA;NA;NA;NA;NA;NA;NA;NA;NA;29.36680603;4.638799361;6.330691144
383;9;Castilla-La Mancha;1993;6.188589149;NA;NA;NA;NA;NA;NA;NA;NA;NA;NA;NA;NA;28.26045227;4.566542;6.188589149
384;9;Castilla-La Mancha;1994;6.230934141;NA;NA;NA;NA;NA;NA;NA;NA;NA;NA;NA;NA;24.73458099;3.969642502;6.230934141
385;9;Castilla-La Mancha;1995;6.32876342;NA;NA;NA;NA;NA;NA;NA;NA;NA;NA;NA;NA;25.94193268;4.099052367;6.32876342
386;9;Castilla-La Mancha;1996;6.614396096;NA;NA;NA;NA;NA;NA;NA;NA;NA;NA;NA;NA;NA;NA;6.614396096
387;9;Castilla-La Mancha;1997;6.865395549;NA;NA;NA;NA;NA;NA;NA;NA;NA;NA;NA;NA;NA;NA;6.865395549
388;10;Cataluna;1955;3.54662963;NA;NA;NA;NA;NA;NA;NA;NA;NA;NA;NA;NA;NA;NA;3.54662963
389;10;Cataluna;1956;3.69044557;NA;NA;NA;NA;NA;NA;NA;NA;NA;NA;NA;NA;NA;NA;3.69044557
390;10;Cataluna;1957;3.826834998;NA;NA;NA;NA;NA;NA;NA;NA;NA;NA;NA;NA;NA;NA;3.826834998
391;10;Cataluna;1958;3.875678378;NA;NA;NA;NA;NA;NA;NA;NA;NA;NA;NA;NA;NA;NA;3.875678378
392;10;Cataluna;1959;3.921736734;NA;NA;NA;NA;NA;NA;NA;NA;NA;NA;NA;NA;NA;NA;3.921736734
393;10;Cataluna;1960;4.2417882;NA;NA;NA;NA;NA;NA;NA;NA;NA;NA;NA;NA;NA;NA;4.2417882
394;10;Cataluna;1961;4.575335479;8.239999771;2.890000105;41.61000061;5.550000191;37.29999924;4.420000076;NA;NA;NA;NA;NA;NA;NA;NA;4.575335479
395;10;Cataluna;1962;4.838046412;NA;NA;NA;NA;NA;NA;NA;NA;NA;NA;NA;NA;NA;NA;4.838046412
396;10;Cataluna;1963;5.081334096;8.279999733;2.720000029;39.93999863;6.429999828;38.83000183;3.789999962;NA;NA;NA;NA;NA;NA;NA;NA;5.081334096
397;10;Cataluna;1964;5.158097878;NA;NA;NA;NA;NA;NA;262.816864;2749.121094;168.8489227;55.79050827;29.5606575;NA;16.56144333;3.210765619;5.158097878
398;10;Cataluna;1965;5.223650525;6.769999981;2.859999895;40.29000092;7.28000021;38.84999847;3.960000038;269.1358337;2798.28125;181.3764496;58.43568802;30.54081535;NA;20.03888702;3.836184471;5.223650525
399;10;Cataluna;1966;5.332476505;NA;NA;NA;NA;NA;NA;275.2478943;2851.960449;195.3687897;61.46096802;31.59723091;NA;23.86847115;4.476057442;5.332476505
400;10;Cataluna;1967;5.429448921;5.690000057;2.930000067;39.47999954;7.099999905;40.13000107;4.670000076;281.1573181;2915.717529;211.5688629;64.89152527;32.84785843;NA;24.73144531;4.555056263;5.429448921
401;10;Cataluna;1968;5.674378854;NA;NA;NA;NA;NA;NA;286.8683777;2966.744629;247.8329163;68.53140259;33.60255432;NA;25.75998878;4.539701957;5.674378854
402;10;Cataluna;1969;5.915523944;5.699999809;3;38.95999908;7.170000076;40.22999954;4.940000057;292.3851318;3018.345459;285.9969177;72.53979492;36.09854889;153.1199951;24.16204643;4.084515025;5.915523944
403;10;Cataluna;1970;6.066837872;NA;NA;NA;NA;NA;NA;NA;NA;NA;NA;NA;NA;21.50399017;3.544513736;6.066837872
404;10;Cataluna;1971;6.227649208;NA;NA;NA;NA;NA;NA;NA;NA;NA;NA;NA;NA;20.95172691;3.364307496;6.227649208
405;10;Cataluna;1972;6.539060129;NA;NA;NA;NA;NA;NA;NA;NA;NA;NA;NA;NA;23.33122253;3.567977978;6.539060129
406;10;Cataluna;1973;6.837975056;NA;NA;NA;NA;NA;NA;NA;NA;NA;NA;NA;NA;24.65953636;3.606262989;6.837975056
407;10;Cataluna;1974;6.987360824;NA;NA;NA;NA;NA;NA;NA;NA;NA;NA;NA;NA;24.10083008;3.449203596;6.987360824
408;10;Cataluna;1975;7.124893027;NA;NA;NA;NA;NA;NA;NA;NA;NA;NA;NA;NA;21.1886425;2.973889211;7.124893027
409;10;Cataluna;1976;7.135389819;NA;NA;NA;NA;NA;NA;NA;NA;NA;NA;NA;NA;20.41129112;2.860571271;7.135389819
410;10;Cataluna;1977;7.142959067;NA;NA;NA;NA;NA;NA;NA;NA;NA;NA;NA;NA;18.50701332;2.590944894;7.142959067
411;10;Cataluna;1978;7.019351544;NA;NA;NA;NA;NA;NA;NA;NA;NA;NA;NA;NA;18.50644875;2.6364898;7.019351544
412;10;Cataluna;1979;7.01099691;NA;NA;NA;NA;NA;NA;NA;NA;NA;NA;NA;NA;17.68334389;2.522229594;7.01099691
413;10;Cataluna;1980;7.078834671;NA;NA;NA;NA;NA;NA;NA;NA;NA;NA;NA;NA;15.89948654;2.246059879;7.078834671
414;10;Cataluna;1981;7.18223356;NA;NA;NA;NA;NA;NA;NA;NA;NA;NA;NA;NA;13.67028046;1.903346688;7.18223356
415;10;Cataluna;1982;7.287203656;NA;NA;NA;NA;NA;NA;NA;NA;NA;NA;NA;NA;13.79057789;1.892437558;7.287203656
416;10;Cataluna;1983;7.397886318;NA;NA;NA;NA;NA;NA;NA;NA;NA;NA;NA;NA;15.84842682;2.142291208;7.397886318
417;10;Cataluna;1984;7.484290028;NA;NA;NA;NA;NA;NA;NA;NA;NA;NA;NA;NA;13.64179802;1.822724396;7.484290028
418;10;Cataluna;1985;7.569979831;NA;NA;NA;NA;NA;NA;NA;NA;NA;NA;NA;NA;13.11087132;1.731955911;7.569979831
419;10;Cataluna;1986;8.077691739;NA;NA;NA;NA;NA;NA;NA;NA;NA;NA;NA;NA;14.90530491;1.845243095;8.077691739
420;10;Cataluna;1987;8.583975833;NA;NA;NA;NA;NA;NA;NA;NA;NA;NA;NA;NA;18.1826725;2.118211055;8.583975833
421;10;Cataluna;1988;9.057412342;NA;NA;NA;NA;NA;NA;NA;NA;NA;NA;NA;NA;17.65982628;1.949765078;9.057412342
422;10;Cataluna;1989;9.525849757;NA;NA;NA;NA;NA;NA;NA;NA;NA;NA;NA;NA;18.41895866;1.93357644;9.525849757
423;10;Cataluna;1990;9.78506176;NA;NA;NA;NA;NA;NA;NA;NA;NA;NA;NA;NA;18.87054825;1.928505789;9.78506176
424;10;Cataluna;1991;10.0506998;NA;NA;NA;NA;NA;NA;NA;NA;NA;NA;NA;NA;19.47724152;1.937899042;10.0506998
425;10;Cataluna;1992;9.837903107;NA;NA;NA;NA;NA;NA;NA;NA;NA;NA;NA;NA;21.09418297;2.144174702;9.837903107
426;10;Cataluna;1993;9.625107287;NA;NA;NA;NA;NA;NA;NA;NA;NA;NA;NA;NA;18.31882095;1.90323291;9.625107287
427;10;Cataluna;1994;10.00642708;NA;NA;NA;NA;NA;NA;NA;NA;NA;NA;NA;NA;17.80299759;1.77915628;10.00642708
428;10;Cataluna;1995;10.33990288;NA;NA;NA;NA;NA;NA;NA;NA;NA;NA;NA;NA;18.38096809;1.777673185;10.33990288
429;10;Cataluna;1996;10.57626375;NA;NA;NA;NA;NA;NA;NA;NA;NA;NA;NA;NA;NA;NA;10.57626375
430;10;Cataluna;1997;11.04541594;NA;NA;NA;NA;NA;NA;NA;NA;NA;NA;NA;NA;NA;NA;11.04541594
431;11;Comunidad Valenciana;1955;2.575978222;NA;NA;NA;NA;NA;NA;NA;NA;NA;NA;NA;NA;NA;NA;2.575978222
432;11;Comunidad Valenciana;1956;2.738503285;NA;NA;NA;NA;NA;NA;NA;NA;NA;NA;NA;NA;NA;NA;2.738503285
433;11;Comunidad Valenciana;1957;2.899885791;NA;NA;NA;NA;NA;NA;NA;NA;NA;NA;NA;NA;NA;NA;2.899885791
434;11;Comunidad Valenciana;1958;2.963510495;NA;NA;NA;NA;NA;NA;NA;NA;NA;NA;NA;NA;NA;NA;2.963510495
435;11;Comunidad Valenciana;1959;3.026206859;NA;NA;NA;NA;NA;NA;NA;NA;NA;NA;NA;NA;NA;NA;3.026206859
436;11;Comunidad Valenciana;1960;3.219294391;NA;NA;NA;NA;NA;NA;NA;NA;NA;NA;NA;NA;NA;NA;3.219294391
437;11;Comunidad Valenciana;1961;3.362467901;23.64999962;3.019999981;27.68000031;4.53000021;36.18000031;4.960000038;NA;NA;NA;NA;NA;NA;NA;NA;3.362467901
438;11;Comunidad Valenciana;1962;3.569980023;NA;NA;NA;NA;NA;NA;NA;NA;NA;NA;NA;NA;NA;NA;3.569980023
439;11;Comunidad Valenciana;1963;3.765210149;21.78000069;2.75;27.20999908;5.420000076;38.33000183;4.5;NA;NA;NA;NA;NA;NA;NA;NA;3.765210149
440;11;Comunidad Valenciana;1964;3.823693021;NA;NA;NA;NA;NA;NA;265.3523865;1625.753662;84.96979523;29.60553551;15.6832037;NA;19.69911957;5.151856977;3.823693021
441;11;Comunidad Valenciana;1965;3.874178649;18.27000046;2.599999905;28.18000031;6.670000076;39.24000168;5.050000191;266.0809937;1650.52832;89.9331131;31.18828964;16.07344055;NA;21.87300873;5.645844115;3.874178649
442;11;Comunidad Valenciana;1966;3.978148926;NA;NA;NA;NA;NA;NA;266.746582;1677.830566;95.46205139;32.99243164;16.49659157;NA;24.02678108;6.039688692;3.978148926
443;11;Comunidad Valenciana;1967;4.073407615;15.47999954;2.430000067;28.63999939;6.880000114;40.5;6.070000172;267.3506775;1711.1073;101.888916;35.03525925;17.01290703;NA;24.68119049;6.059101573;4.073407615
444;11;Comunidad Valenciana;1968;4.279777398;NA;NA;NA;NA;NA;NA;267.8947449;1738.714722;117.6508331;37.21433258;17.26550293;NA;25.75727463;6.018367833;4.279777398
445;11;Comunidad Valenciana;1969;4.486289701;13.72999954;2.690000057;28.52000046;7.349999905;41.06999969;6.639999866;268.3802185;1766.768188;133.8498535;39.61878586;18.40098953;128.6999969;26.1788044;5.835290661;4.486289701
446;11;Comunidad Valenciana;1970;4.654741328;NA;NA;NA;NA;NA;NA;NA;NA;NA;NA;NA;NA;24.84105492;5.336720811;4.654741328
447;11;Comunidad Valenciana;1971;4.817123871;NA;NA;NA;NA;NA;NA;NA;NA;NA;NA;NA;NA;23.19965172;4.816079541;4.817123871
448;11;Comunidad Valenciana;1972;5.138889063;NA;NA;NA;NA;NA;NA;NA;NA;NA;NA;NA;NA;23.70172691;4.612227783;5.138889063
449;11;Comunidad Valenciana;1973;5.449371643;NA;NA;NA;NA;NA;NA;NA;NA;NA;NA;NA;NA;25.94218826;4.760583414;5.449371643
450;11;Comunidad Valenciana;1974;5.557983625;NA;NA;NA;NA;NA;NA;NA;NA;NA;NA;NA;NA;26.42745018;4.754862908;5.557983625
451;11;Comunidad Valenciana;1975;5.655955424;NA;NA;NA;NA;NA;NA;NA;NA;NA;NA;NA;NA;25.30529404;4.474097149;5.655955424
452;11;Comunidad Valenciana;1976;5.761353951;NA;NA;NA;NA;NA;NA;NA;NA;NA;NA;NA;NA;24.59749794;4.26939538;5.761353951
453;11;Comunidad Valenciana;1977;5.861039912;NA;NA;NA;NA;NA;NA;NA;NA;NA;NA;NA;NA;23.18916321;3.95649297;5.861039912
454;11;Comunidad Valenciana;1978;5.810911238;NA;NA;NA;NA;NA;NA;NA;NA;NA;NA;NA;NA;22.0904789;3.801551597;5.810911238
455;11;Comunidad Valenciana;1979;5.775492629;NA;NA;NA;NA;NA;NA;NA;NA;NA;NA;NA;NA;20.74976921;3.592727156;5.775492629
456;11;Comunidad Valenciana;1980;5.79098808;NA;NA;NA;NA;NA;NA;NA;NA;NA;NA;NA;NA;21.21122742;3.662799357;5.79098808
457;11;Comunidad Valenciana;1981;5.89967154;NA;NA;NA;NA;NA;NA;NA;NA;NA;NA;NA;NA;19.33094406;3.27661361;5.89967154
458;11;Comunidad Valenciana;1982;6.018137884;NA;NA;NA;NA;NA;NA;NA;NA;NA;NA;NA;NA;18.84581184;3.13150217;6.018137884
459;11;Comunidad Valenciana;1983;6.139817247;NA;NA;NA;NA;NA;NA;NA;NA;NA;NA;NA;NA;19.3196888;3.146622777;6.139817247
460;11;Comunidad Valenciana;1984;6.236860705;NA;NA;NA;NA;NA;NA;NA;NA;NA;NA;NA;NA;17.53134346;2.810924324;6.236860705
461;11;Comunidad Valenciana;1985;6.336118234;NA;NA;NA;NA;NA;NA;NA;NA;NA;NA;NA;NA;17.12078285;2.702093335;6.336118234
462;11;Comunidad Valenciana;1986;6.739360392;NA;NA;NA;NA;NA;NA;NA;NA;NA;NA;NA;NA;18.42079163;2.733314522;6.739360392
463;11;Comunidad Valenciana;1987;7.144387318;NA;NA;NA;NA;NA;NA;NA;NA;NA;NA;NA;NA;19.75673866;2.765351007;7.144387318
464;11;Comunidad Valenciana;1988;7.560697292;NA;NA;NA;NA;NA;NA;NA;NA;NA;NA;NA;NA;22.37799835;2.959779698;7.560697292
465;11;Comunidad Valenciana;1989;7.969151671;NA;NA;NA;NA;NA;NA;NA;NA;NA;NA;NA;NA;23.73831749;2.978775969;7.969151671
466;11;Comunidad Valenciana;1990;8.138388683;NA;NA;NA;NA;NA;NA;NA;NA;NA;NA;NA;NA;24.67346764;3.031738664;8.138388683
467;11;Comunidad Valenciana;1991;8.30619788;NA;NA;NA;NA;NA;NA;NA;NA;NA;NA;NA;NA;22.75430298;2.73943666;8.30619788
468;11;Comunidad Valenciana;1992;8.08054824;NA;NA;NA;NA;NA;NA;NA;NA;NA;NA;NA;NA;21.46160507;2.655959031;8.08054824
469;11;Comunidad Valenciana;1993;7.857041194;NA;NA;NA;NA;NA;NA;NA;NA;NA;NA;NA;NA;20.1841774;2.568928544;7.857041194
470;11;Comunidad Valenciana;1994;8.0684092;NA;NA;NA;NA;NA;NA;NA;NA;NA;NA;NA;NA;20.61516762;2.555047359;8.0684092
471;11;Comunidad Valenciana;1995;8.289060617;NA;NA;NA;NA;NA;NA;NA;NA;NA;NA;NA;NA;21.78869629;2.628608632;8.289060617
472;11;Comunidad Valenciana;1996;8.429734362;NA;NA;NA;NA;NA;NA;NA;NA;NA;NA;NA;NA;NA;NA;8.429734362
473;11;Comunidad Valenciana;1997;8.725364356;NA;NA;NA;NA;NA;NA;NA;NA;NA;NA;NA;NA;NA;NA;8.725364356
474;12;Extremadura;1955;1.243430483;NA;NA;NA;NA;NA;NA;NA;NA;NA;NA;NA;NA;NA;NA;1.243430483
475;12;Extremadura;1956;1.332547848;NA;NA;NA;NA;NA;NA;NA;NA;NA;NA;NA;NA;NA;NA;1.332547848
476;12;Extremadura;1957;1.422450707;NA;NA;NA;NA;NA;NA;NA;NA;NA;NA;NA;NA;NA;NA;1.422450707
477;12;Extremadura;1958;1.44023138;NA;NA;NA;NA;NA;NA;NA;NA;NA;NA;NA;NA;NA;NA;1.44023138
478;12;Extremadura;1959;1.458083422;NA;NA;NA;NA;NA;NA;NA;NA;NA;NA;NA;NA;NA;NA;1.458083422
479;12;Extremadura;1960;1.535846914;NA;NA;NA;NA;NA;NA;NA;NA;NA;NA;NA;NA;NA;NA;1.535846914
480;12;Extremadura;1961;1.596258164;46.5;1.600000024;10.69999981;7.989999771;26.61000061;6.610000134;NA;NA;NA;NA;NA;NA;NA;NA;1.596258164
481;12;Extremadura;1962;1.705584162;NA;NA;NA;NA;NA;NA;NA;NA;NA;NA;NA;NA;NA;NA;1.705584162
482;12;Extremadura;1963;1.817694966;42.45000076;1.970000029;10.97000027;8.180000305;30.12999916;6.309999943;NA;NA;NA;NA;NA;NA;NA;NA;1.817694966
483;12;Extremadura;1964;1.88281929;NA;NA;NA;NA;NA;NA;198.0690308;713.5366821;20.42981529;9.424237251;4.34637928;NA;16.05665207;8.527983621;1.88281929
484;12;Extremadura;1965;1.948871847;37.58000183;2.930000067;10.85999966;9.390000343;32;7.260000229;189.6915741;703.7325439;21.32910728;10.05191326;4.421005726;NA;18.07077599;9.27242908;1.948871847
485;12;Extremadura;1966;2.03263349;NA;NA;NA;NA;NA;NA;181.4973755;695.0422974;22.32678413;10.7636795;4.50280571;NA;18.94225121;9.319068736;2.03263349
486;12;Extremadura;1967;2.117609167;33.04999924;3.130000114;11.02999973;9.25;34.11000061;9.430000305;173.4830933;688.875;23.49362946;11.56775856;4.607875347;NA;21.09372711;9.961104928;2.117609167
487;12;Extremadura;1968;2.245501224;NA;NA;NA;NA;NA;NA;165.645462;681.6768188;26.7379055;12.43261909;4.63970089;NA;23.28995323;10.37182834;2.245501224
488;12;Extremadura;1969;2.381962349;30.15999985;3.599999905;10.86999989;9.039999962;35.75;10.57999992;157.9812622;674.4679565;29.97345734;13.3898468;4.905632019;28.96999931;23.9835434;10.06881717;2.381962349
489;12;Extremadura;1970;2.518494733;NA;NA;NA;NA;NA;NA;NA;NA;NA;NA;NA;NA;21.97632408;8.725975795;2.518494733
490;12;Extremadura;1971;2.654027517;NA;NA;NA;NA;NA;NA;NA;NA;NA;NA;NA;NA;20.92202187;7.883121684;2.654027517
491;12;Extremadura;1972;2.846400924;NA;NA;NA;NA;NA;NA;NA;NA;NA;NA;NA;NA;21.52129173;7.560878566;2.846400924
492;12;Extremadura;1973;3.04562989;NA;NA;NA;NA;NA;NA;NA;NA;NA;NA;NA;NA;23.50060844;7.716173434;3.04562989
493;12;Extremadura;1974;3.103041901;NA;NA;NA;NA;NA;NA;NA;NA;NA;NA;NA;NA;22.99900436;7.411760814;3.103041901
494;12;Extremadura;1975;3.156740983;NA;NA;NA;NA;NA;NA;NA;NA;NA;NA;NA;NA;23.8751812;7.563237314;3.156740983
495;12;Extremadura;1976;3.262567942;NA;NA;NA;NA;NA;NA;NA;NA;NA;NA;NA;NA;25.08693695;7.689322458;3.262567942
496;12;Extremadura;1977;3.365395662;NA;NA;NA;NA;NA;NA;NA;NA;NA;NA;NA;NA;24.51060104;7.283126118;3.365395662
497;12;Extremadura;1978;3.487075026;NA;NA;NA;NA;NA;NA;NA;NA;NA;NA;NA;NA;26.26488876;7.532068731;3.487075026
498;12;Extremadura;1979;3.515852509;NA;NA;NA;NA;NA;NA;NA;NA;NA;NA;NA;NA;25.24701309;7.18090791;3.515852509
499;12;Extremadura;1980;3.539560073;NA;NA;NA;NA;NA;NA;NA;NA;NA;NA;NA;NA;36.32580948;10.26280349;3.539560073
500;12;Extremadura;1981;3.572764828;NA;NA;NA;NA;NA;NA;NA;NA;NA;NA;NA;NA;39.40980148;11.03061729;3.572764828
501;12;Extremadura;1982;3.610968242;NA;NA;NA;NA;NA;NA;NA;NA;NA;NA;NA;NA;36.09243774;9.995224361;3.610968242
502;12;Extremadura;1983;3.648957441;NA;NA;NA;NA;NA;NA;NA;NA;NA;NA;NA;NA;28.88069725;7.914780515;3.648957441
503;12;Extremadura;1984;3.737146355;NA;NA;NA;NA;NA;NA;NA;NA;NA;NA;NA;NA;28.945961;7.74547161;3.737146355
504;12;Extremadura;1985;3.828477682;NA;NA;NA;NA;NA;NA;NA;NA;NA;NA;NA;NA;24.61938477;6.430593778;3.828477682
505;12;Extremadura;1986;4.161739486;NA;NA;NA;NA;NA;NA;NA;NA;NA;NA;NA;NA;26.49269676;6.365774901;4.161739486
506;12;Extremadura;1987;4.498571697;NA;NA;NA;NA;NA;NA;NA;NA;NA;NA;NA;NA;23.09310913;5.133431383;4.498571697
507;12;Extremadura;1988;4.769494308;NA;NA;NA;NA;NA;NA;NA;NA;NA;NA;NA;NA;23.05798149;4.834470911;4.769494308
508;12;Extremadura;1989;5.051414056;NA;NA;NA;NA;NA;NA;NA;NA;NA;NA;NA;NA;25.20504379;4.989700609;5.051414056
509;12;Extremadura;1990;5.234075839;NA;NA;NA;NA;NA;NA;NA;NA;NA;NA;NA;NA;27.05563927;5.169133979;5.234075839
510;12;Extremadura;1991;5.398314628;NA;NA;NA;NA;NA;NA;NA;NA;NA;NA;NA;NA;29.65305138;5.493020215;5.398314628
511;12;Extremadura;1992;5.365467044;NA;NA;NA;NA;NA;NA;NA;NA;NA;NA;NA;NA;28.14089012;5.244816507;5.365467044
512;12;Extremadura;1993;5.332619461;NA;NA;NA;NA;NA;NA;NA;NA;NA;NA;NA;NA;24.57280731;4.608018159;5.332619461
513;12;Extremadura;1994;5.439874234;NA;NA;NA;NA;NA;NA;NA;NA;NA;NA;NA;NA;21.80116272;4.007659328;5.439874234
514;12;Extremadura;1995;5.501356563;NA;NA;NA;NA;NA;NA;NA;NA;NA;NA;NA;NA;24.22288895;4.403075617;5.501356563
515;12;Extremadura;1996;5.905812538;NA;NA;NA;NA;NA;NA;NA;NA;NA;NA;NA;NA;NA;NA;5.905812538
516;12;Extremadura;1997;6.224578709;NA;NA;NA;NA;NA;NA;NA;NA;NA;NA;NA;NA;NA;NA;6.224578709
517;13;Galicia;1955;1.634675794;NA;NA;NA;NA;NA;NA;NA;NA;NA;NA;NA;NA;NA;NA;1.634675794
518;13;Galicia;1956;1.725578363;NA;NA;NA;NA;NA;NA;NA;NA;NA;NA;NA;NA;NA;NA;1.725578363
519;13;Galicia;1957;1.81648104;NA;NA;NA;NA;NA;NA;NA;NA;NA;NA;NA;NA;NA;NA;1.81648104
520;13;Galicia;1958;1.840902512;NA;NA;NA;NA;NA;NA;NA;NA;NA;NA;NA;NA;NA;NA;1.840902512
521;13;Galicia;1959;1.86539568;NA;NA;NA;NA;NA;NA;NA;NA;NA;NA;NA;NA;NA;NA;1.86539568
522;13;Galicia;1960;1.983290419;NA;NA;NA;NA;NA;NA;NA;NA;NA;NA;NA;NA;NA;NA;1.983290419
523;13;Galicia;1961;2.005784166;33.25;5.260000229;17.44000053;5.829999924;31.40999985;6.809999943;NA;NA;NA;NA;NA;NA;NA;NA;2.005784166
524;13;Galicia;1962;2.185661144;NA;NA;NA;NA;NA;NA;NA;NA;NA;NA;NA;NA;NA;NA;2.185661144
525;13;Galicia;1963;2.36639542;32.38000107;5.239999771;17.44000053;6.440000057;32.43000031;6.070000172;NA;NA;NA;NA;NA;NA;NA;NA;2.36639542
526;13;Galicia;1964;2.458797391;NA;NA;NA;NA;NA;NA;235.2954407;1684.702148;63.60566711;25.51045036;13.02567863;NA;15.5867548;6.339178193;2.458797391
527;13;Galicia;1965;2.549700068;29.17000008;5.329999924;17.84000015;7.400000095;33.63000107;6.650000095;235.1234894;1674.84021;67.21051788;26.80811119;13.19269466;NA;19.10508728;7.493072428;2.549700068
528;13;Galicia;1966;2.669665705;NA;NA;NA;NA;NA;NA;234.9167938;1667.170898;71.22463989;28.28926086;13.37791634;NA;21.52901459;8.064311028;2.669665705
529;13;Galicia;1967;2.787846356;26.53000069;5.179999828;18.22999954;7.360000134;34.79000092;7.920000076;234.676239;1664.889404;75.89335632;29.96735191;13.6285677;NA;22.20952415;7.966552428;2.787846356
530;13;Galicia;1968;2.978363299;NA;NA;NA;NA;NA;NA;234.402771;1658.342896;87.48720551;31.75354767;13.65944958;NA;22.69496155;7.619944;2.978363299
531;13;Galicia;1969;3.177377831;22.97999954;5.630000114;18.45999908;8.130000114;36.31000137;8.489999771;234.0972748;1651.636963;99.36547852;33.72292328;14.37405491;91.01999664;22.51227188;7.085173082;3.177377831
532;13;Galicia;1970;3.361967992;NA;NA;NA;NA;NA;NA;NA;NA;NA;NA;NA;NA;21.09630203;6.274985986;3.361967992
533;13;Galicia;1971;3.534775848;NA;NA;NA;NA;NA;NA;NA;NA;NA;NA;NA;NA;21.05920982;5.957721431;3.534775848
534;13;Galicia;1972;3.783204711;NA;NA;NA;NA;NA;NA;NA;NA;NA;NA;NA;NA;22.69445229;5.998737583;3.783204711
535;13;Galicia;1973;4.029991326;NA;NA;NA;NA;NA;NA;NA;NA;NA;NA;NA;NA;23.03495789;5.715882745;4.029991326
536;13;Galicia;1974;4.132390833;NA;NA;NA;NA;NA;NA;NA;NA;NA;NA;NA;NA;24.37306595;5.898054404;4.132390833
537;13;Galicia;1975;4.231005497;NA;NA;NA;NA;NA;NA;NA;NA;NA;NA;NA;NA;21.52150726;5.086617656;4.231005497
538;13;Galicia;1976;4.359040292;NA;NA;NA;NA;NA;NA;NA;NA;NA;NA;NA;NA;22.54049873;5.170977377;4.359040292
539;13;Galicia;1977;4.485646836;NA;NA;NA;NA;NA;NA;NA;NA;NA;NA;NA;NA;22.4600544;5.007093786;4.485646836
540;13;Galicia;1978;4.521707874;NA;NA;NA;NA;NA;NA;NA;NA;NA;NA;NA;NA;20.85655403;4.612539025;4.521707874
541;13;Galicia;1979;4.557483437;NA;NA;NA;NA;NA;NA;NA;NA;NA;NA;NA;NA;19.89711761;4.365812381;4.557483437
542;13;Galicia;1980;4.581690911;NA;NA;NA;NA;NA;NA;NA;NA;NA;NA;NA;NA;21.4147644;4.673987142;4.581690911
543;13;Galicia;1981;4.618751768;NA;NA;NA;NA;NA;NA;NA;NA;NA;NA;NA;NA;22.26031494;4.819552135;4.618751768
544;13;Galicia;1982;4.710797002;NA;NA;NA;NA;NA;NA;NA;NA;NA;NA;NA;NA;18.93207932;4.018869696;4.710797002
545;13;Galicia;1983;4.806341167;NA;NA;NA;NA;NA;NA;NA;NA;NA;NA;NA;NA;17.93814087;3.732182183;4.806341167
546;13;Galicia;1984;4.899314307;NA;NA;NA;NA;NA;NA;NA;NA;NA;NA;NA;NA;19.62354469;4.005365539;4.899314307
547;13;Galicia;1985;4.997786451;NA;NA;NA;NA;NA;NA;NA;NA;NA;NA;NA;NA;21.13617325;4.229106916;4.997786451
548;13;Galicia;1986;5.277920559;NA;NA;NA;NA;NA;NA;NA;NA;NA;NA;NA;NA;17.2311058;3.264752777;5.277920559
549;13;Galicia;1987;5.565766871;NA;NA;NA;NA;NA;NA;NA;NA;NA;NA;NA;NA;17.39606857;3.125547472;5.565766871
550;13;Galicia;1988;5.909525902;NA;NA;NA;NA;NA;NA;NA;NA;NA;NA;NA;NA;18.43976402;3.120345748;5.909525902
551;13;Galicia;1989;6.25449875;NA;NA;NA;NA;NA;NA;NA;NA;NA;NA;NA;NA;20.44013214;3.268068787;6.25449875
552;13;Galicia;1990;6.453227806;NA;NA;NA;NA;NA;NA;NA;NA;NA;NA;NA;NA;21.50448418;3.332360924;6.453227806
553;13;Galicia;1991;6.641602591;NA;NA;NA;NA;NA;NA;NA;NA;NA;NA;NA;NA;21.5099926;3.238675049;6.641602591
554;13;Galicia;1992;6.54448722;NA;NA;NA;NA;NA;NA;NA;NA;NA;NA;NA;NA;21.26330376;3.249040459;6.54448722
555;13;Galicia;1993;6.447514804;NA;NA;NA;NA;NA;NA;NA;NA;NA;NA;NA;NA;20.22566795;3.136971154;6.447514804
556;13;Galicia;1994;6.55648374;NA;NA;NA;NA;NA;NA;NA;NA;NA;NA;NA;NA;20.76192856;3.166625494;6.55648374
557;13;Galicia;1995;6.68866033;NA;NA;NA;NA;NA;NA;NA;NA;NA;NA;NA;NA;22.02081108;3.292260332;6.68866033
558;13;Galicia;1996;6.862468006;NA;NA;NA;NA;NA;NA;NA;NA;NA;NA;NA;NA;NA;NA;6.862468006
559;13;Galicia;1997;7.138531796;NA;NA;NA;NA;NA;NA;NA;NA;NA;NA;NA;NA;NA;NA;7.138531796
560;14;Madrid (Comunidad De);1955;4.594472816;NA;NA;NA;NA;NA;NA;NA;NA;NA;NA;NA;NA;NA;NA;4.594472816
561;14;Madrid (Comunidad De);1956;4.786632443;NA;NA;NA;NA;NA;NA;NA;NA;NA;NA;NA;NA;NA;NA;4.786632443
562;14;Madrid (Comunidad De);1957;4.963439139;NA;NA;NA;NA;NA;NA;NA;NA;NA;NA;NA;NA;NA;NA;4.963439139
563;14;Madrid (Comunidad De);1958;4.906169648;NA;NA;NA;NA;NA;NA;NA;NA;NA;NA;NA;NA;NA;NA;4.906169648
564;14;Madrid (Comunidad De);1959;4.846401046;NA;NA;NA;NA;NA;NA;NA;NA;NA;NA;NA;NA;NA;NA;4.846401046
565;14;Madrid (Comunidad De);1960;5.161096899;NA;NA;NA;NA;NA;NA;NA;NA;NA;NA;NA;NA;NA;NA;5.161096899
566;14;Madrid (Comunidad De);1961;5.632604813;2.410000086;2.450000048;23.07999992;8.140000343;53.36999893;10.56000042;NA;NA;NA;NA;NA;NA;NA;NA;5.632604813
567;14;Madrid (Comunidad De);1962;5.840831278;NA;NA;NA;NA;NA;NA;NA;NA;NA;NA;NA;NA;NA;NA;5.840831278
568;14;Madrid (Comunidad De);1963;6.02449288;2.359999895;2.190000057;23.19000053;8.239999771;54.74000168;9.279999733;NA;NA;NA;NA;NA;NA;NA;NA;6.02449288
569;14;Madrid (Comunidad De);1964;6.099328938;NA;NA;NA;NA;NA;NA;122.863472;1709.738647;220.3036804;55.36328125;51.79325867;NA;14.72886944;2.414834417;6.099328938
570;14;Madrid (Comunidad De);1965;6.152028201;1.769999981;2.079999924;24.93000031;8.670000076;51.70000076;10.85000038;127.1539764;1765.891235;233.3038177;57.76077271;53.87036514;NA;15.70739174;2.553205419;6.152028201
571;14;Madrid (Comunidad De);1966;6.110468594;NA;NA;NA;NA;NA;NA;131.3132629;1826.02832;247.7872925;60.51044083;56.10198593;NA;16.82772636;2.753917495;6.110468594
572;14;Madrid (Comunidad De);1967;6.057340899;1.460000038;1.870000005;24.28000069;8.569999695;51.81999969;12.01000023;135.3439941;1893.694946;264.6197815;63.63228607;58.70125961;NA;16.74474716;2.764372592;6.057340899
573;14;Madrid (Comunidad De);1968;6.253141977;NA;NA;NA;NA;NA;NA;139.2488098;1944.68811;305.7302856;66.92987823;60.43329239;NA;15.95845795;2.552070304;6.253141977
574;14;Madrid (Comunidad De);1969;6.435589762;1.320000052;1.779999971;23.69000053;8.170000076;51.93999863;13.10999966;143.0302582;1996.404419;348.0250244;70.55529022;65.32975006;442.4500122;17.44006348;2.709940211;6.435589762
575;14;Madrid (Comunidad De);1970;6.543344881;NA;NA;NA;NA;NA;NA;NA;NA;NA;NA;NA;NA;19.73597145;3.016190008;6.543344881
576;14;Madrid (Comunidad De);1971;6.67473565;NA;NA;NA;NA;NA;NA;NA;NA;NA;NA;NA;NA;16.36346436;2.451552423;6.67473565
577;14;Madrid (Comunidad De);1972;7.086903829;NA;NA;NA;NA;NA;NA;NA;NA;NA;NA;NA;NA;17.75707245;2.50561781;7.086903829
578;14;Madrid (Comunidad De);1973;7.475007489;NA;NA;NA;NA;NA;NA;NA;NA;NA;NA;NA;NA;19.04281998;2.547531893;7.475007489
579;14;Madrid (Comunidad De);1974;7.655669634;NA;NA;NA;NA;NA;NA;NA;NA;NA;NA;NA;NA;18.38216591;2.401117967;7.655669634
580;14;Madrid (Comunidad De);1975;7.816338015;NA;NA;NA;NA;NA;NA;NA;NA;NA;NA;NA;NA;16.29606628;2.084872258;7.816338015
581;14;Madrid (Comunidad De);1976;7.707084039;NA;NA;NA;NA;NA;NA;NA;NA;NA;NA;NA;NA;14.82481384;1.923530841;7.707084039
582;14;Madrid (Comunidad De);1977;7.599971785;NA;NA;NA;NA;NA;NA;NA;NA;NA;NA;NA;NA;15.13333607;1.991235822;7.599971785
583;14;Madrid (Comunidad De);1978;7.390031594;NA;NA;NA;NA;NA;NA;NA;NA;NA;NA;NA;NA;14.93209267;2.020572237;7.390031594
584;14;Madrid (Comunidad De);1979;7.321479926;NA;NA;NA;NA;NA;NA;NA;NA;NA;NA;NA;NA;14.46707058;1.975976268;7.321479926
585;14;Madrid (Comunidad De);1980;7.417166175;NA;NA;NA;NA;NA;NA;NA;NA;NA;NA;NA;NA;12.14117336;1.636901894;7.417166175
586;14;Madrid (Comunidad De);1981;7.532134025;NA;NA;NA;NA;NA;NA;NA;NA;NA;NA;NA;NA;10.58354187;1.405118634;7.532134025
587;14;Madrid (Comunidad De);1982;7.54284525;NA;NA;NA;NA;NA;NA;NA;NA;NA;NA;NA;NA;11.08297157;1.469335669;7.54284525
588;14;Madrid (Comunidad De);1983;7.558554699;NA;NA;NA;NA;NA;NA;NA;NA;NA;NA;NA;NA;10.78920555;1.427416481;7.558554699
589;14;Madrid (Comunidad De);1984;7.699228443;NA;NA;NA;NA;NA;NA;NA;NA;NA;NA;NA;NA;9.331670761;1.212026741;7.699228443
590;14;Madrid (Comunidad De);1985;7.839189152;NA;NA;NA;NA;NA;NA;NA;NA;NA;NA;NA;NA;10.29859447;1.313732106;7.839189152
591;14;Madrid (Comunidad De);1986;8.347614967;NA;NA;NA;NA;NA;NA;NA;NA;NA;NA;NA;NA;11.67677402;1.398815598;8.347614967
592;14;Madrid (Comunidad De);1987;8.849614745;NA;NA;NA;NA;NA;NA;NA;NA;NA;NA;NA;NA;12.75373077;1.441162259;8.849614745
593;14;Madrid (Comunidad De);1988;9.254498715;NA;NA;NA;NA;NA;NA;NA;NA;NA;NA;NA;NA;13.90984917;1.503036479;9.254498715
594;14;Madrid (Comunidad De);1989;9.65795487;NA;NA;NA;NA;NA;NA;NA;NA;NA;NA;NA;NA;15.58766651;1.61397177;9.65795487
595;14;Madrid (Comunidad De);1990;9.80648421;NA;NA;NA;NA;NA;NA;NA;NA;NA;NA;NA;NA;15.46587372;1.57710688;9.80648421
596;14;Madrid (Comunidad De);1991;9.963582182;NA;NA;NA;NA;NA;NA;NA;NA;NA;NA;NA;NA;16.87627792;1.693796229;9.963582182
597;14;Madrid (Comunidad De);1992;9.840045701;NA;NA;NA;NA;NA;NA;NA;NA;NA;NA;NA;NA;16.34165382;1.660729464;9.840045701
598;14;Madrid (Comunidad De);1993;9.718651814;NA;NA;NA;NA;NA;NA;NA;NA;NA;NA;NA;NA;15.5834465;1.60345764;9.718651814
599;14;Madrid (Comunidad De);1994;9.882176695;NA;NA;NA;NA;NA;NA;NA;NA;NA;NA;NA;NA;17.07615089;1.727974658;9.882176695
600;14;Madrid (Comunidad De);1995;10.09854292;NA;NA;NA;NA;NA;NA;NA;NA;NA;NA;NA;NA;17.13401031;1.696681436;10.09854292
601;14;Madrid (Comunidad De);1996;10.32276475;NA;NA;NA;NA;NA;NA;NA;NA;NA;NA;NA;NA;NA;NA;10.32276475
602;14;Madrid (Comunidad De);1997;10.73264781;NA;NA;NA;NA;NA;NA;NA;NA;NA;NA;NA;NA;NA;NA;10.73264781
603;15;Murcia (Region de);1955;1.679520115;NA;NA;NA;NA;NA;NA;NA;NA;NA;NA;NA;NA;NA;NA;1.679520115
604;15;Murcia (Region de);1956;1.764281686;NA;NA;NA;NA;NA;NA;NA;NA;NA;NA;NA;NA;NA;NA;1.764281686
605;15;Murcia (Region de);1957;1.850328443;NA;NA;NA;NA;NA;NA;NA;NA;NA;NA;NA;NA;NA;NA;1.850328443
606;15;Murcia (Region de);1958;1.8873893;NA;NA;NA;NA;NA;NA;NA;NA;NA;NA;NA;NA;NA;NA;1.8873893
607;15;Murcia (Region de);1959;1.924093203;NA;NA;NA;NA;NA;NA;NA;NA;NA;NA;NA;NA;NA;NA;1.924093203
608;15;Murcia (Region de);1960;2.118608986;NA;NA;NA;NA;NA;NA;NA;NA;NA;NA;NA;NA;NA;NA;2.118608986
609;15;Murcia (Region de);1961;2.305484043;23.85000038;9.859999657;19.46999931;5.239999771;34.70999908;6.880000114;NA;NA;NA;NA;NA;NA;NA;NA;2.305484043
610;15;Murcia (Region de);1962;2.521422494;NA;NA;NA;NA;NA;NA;NA;NA;NA;NA;NA;NA;NA;NA;2.521422494
611;15;Murcia (Region de);1963;2.739074454;22.34000015;9.409999847;19.88999939;5.739999771;35.81999969;6.789999962;NA;NA;NA;NA;NA;NA;NA;NA;2.739074454
612;15;Murcia (Region de);1964;2.851256845;NA;NA;NA;NA;NA;NA;110.0262527;429.206543;24.41620064;8.237272263;4.226775169;NA;16.86335754;5.914359338;2.851256845
613;15;Murcia (Region de);1965;2.965938347;18.52000046;11.19999981;19.80999947;6.510000229;36.22999954;7.739999771;108.3332825;429.5390625;25.2321701;8.521753311;4.293385506;NA;18.23098564;6.146785101;2.965938347
614;15;Murcia (Region de);1966;3.099186017;NA;NA;NA;NA;NA;NA;106.6656876;430.4651489;26.13261986;8.850691795;4.366624832;NA;24.4878006;7.901365219;3.099186017
615;15;Murcia (Region de);1967;3.227292289;17.37000084;10.77000046;18.86000061;6.369999886;36.93999863;9.699999809;105.0230942;432.9025879;27.19412422;9.225477219;4.462040424;NA;24.78732109;7.680531811;3.227292289
616;15;Murcia (Region de);1968;3.461154043;NA;NA;NA;NA;NA;NA;103.4051285;433.7310486;30.59140205;9.616258621;4.486199379;NA;19.00229073;5.490160359;3.461154043
617;15;Murcia (Region de);1969;3.706155454;14.68000031;9.899999619;20.19000053;7.590000153;37.18999863;10.44999981;101.8114395;434.6364441;33.87808609;10.04378605;4.736140728;73.36000061;20.86587143;5.630058342;3.706155454
618;15;Murcia (Region de);1970;3.906383803;NA;NA;NA;NA;NA;NA;NA;NA;NA;NA;NA;NA;21.76726723;5.572229541;3.906383803
619;15;Murcia (Region de);1971;4.086475432;NA;NA;NA;NA;NA;NA;NA;NA;NA;NA;NA;NA;21.01521683;5.142626495;4.086475432
620;15;Murcia (Region de);1972;4.379462923;NA;NA;NA;NA;NA;NA;NA;NA;NA;NA;NA;NA;21.20005608;4.84078903;4.379462923
621;15;Murcia (Region de);1973;4.666952282;NA;NA;NA;NA;NA;NA;NA;NA;NA;NA;NA;NA;23.02346039;4.933296721;4.666952282
622;15;Murcia (Region de);1974;4.697800663;NA;NA;NA;NA;NA;NA;NA;NA;NA;NA;NA;NA;24.4522171;5.205035048;4.697800663
623;15;Murcia (Region de);1975;4.722722045;NA;NA;NA;NA;NA;NA;NA;NA;NA;NA;NA;NA;22.66386032;4.798897777;4.722722045
624;15;Murcia (Region de);1976;4.784347329;NA;NA;NA;NA;NA;NA;NA;NA;NA;NA;NA;NA;22.59970665;4.723675999;4.784347329
625;15;Murcia (Region de);1977;4.844544364;NA;NA;NA;NA;NA;NA;NA;NA;NA;NA;NA;NA;22.63324738;4.671904245;4.844544364
626;15;Murcia (Region de);1978;4.864610042;NA;NA;NA;NA;NA;NA;NA;NA;NA;NA;NA;NA;21.82820511;4.487143866;4.864610042
627;15;Murcia (Region de);1979;4.836403728;NA;NA;NA;NA;NA;NA;NA;NA;NA;NA;NA;NA;21.69174767;4.485098616;4.836403728
628;15;Murcia (Region de);1980;4.763210354;NA;NA;NA;NA;NA;NA;NA;NA;NA;NA;NA;NA;21.46144295;4.50566768;4.763210354
629;15;Murcia (Region de);1981;4.708083457;NA;NA;NA;NA;NA;NA;NA;NA;NA;NA;NA;NA;21.54496384;4.576164385;4.708083457
630;15;Murcia (Region de);1982;4.811125393;NA;NA;NA;NA;NA;NA;NA;NA;NA;NA;NA;NA;21.81252098;4.533766884;4.811125393
631;15;Murcia (Region de);1983;4.906883556;NA;NA;NA;NA;NA;NA;NA;NA;NA;NA;NA;NA;20.51088715;4.180023209;4.906883556
632;15;Murcia (Region de);1984;5.031990807;NA;NA;NA;NA;NA;NA;NA;NA;NA;NA;NA;NA;17.97935867;3.573011033;5.031990807
633;15;Murcia (Region de);1985;5.154598512;NA;NA;NA;NA;NA;NA;NA;NA;NA;NA;NA;NA;18.28830147;3.547958474;5.154598512
634;15;Murcia (Region de);1986;5.471508001;NA;NA;NA;NA;NA;NA;NA;NA;NA;NA;NA;NA;19.26143265;3.520315175;5.471508001
635;15;Murcia (Region de);1987;5.788560446;NA;NA;NA;NA;NA;NA;NA;NA;NA;NA;NA;NA;21.5431385;3.721674621;5.788560446
636;15;Murcia (Region de);1988;6.124892748;NA;NA;NA;NA;NA;NA;NA;NA;NA;NA;NA;NA;23.60075951;3.853252698;6.124892748
637;15;Murcia (Region de);1989;6.450442783;NA;NA;NA;NA;NA;NA;NA;NA;NA;NA;NA;NA;26.38081551;4.089768159;6.450442783
638;15;Murcia (Region de);1990;6.578192102;NA;NA;NA;NA;NA;NA;NA;NA;NA;NA;NA;NA;27.45177078;4.173148238;6.578192102
639;15;Murcia (Region de);1991;6.710368257;NA;NA;NA;NA;NA;NA;NA;NA;NA;NA;NA;NA;25.57790375;3.811698966;6.710368257
640;15;Murcia (Region de);1992;6.662882086;NA;NA;NA;NA;NA;NA;NA;NA;NA;NA;NA;NA;23.13588524;3.472353996;6.662882086
641;15;Murcia (Region de);1993;6.61632382;NA;NA;NA;NA;NA;NA;NA;NA;NA;NA;NA;NA;21.16264725;3.198550709;6.61632382
642;15;Murcia (Region de);1994;6.784847361;NA;NA;NA;NA;NA;NA;NA;NA;NA;NA;NA;NA;21.10732651;3.110950827;6.784847361
643;15;Murcia (Region de);1995;6.885818181;NA;NA;NA;NA;NA;NA;NA;NA;NA;NA;NA;NA;23.94804382;3.4778792;6.885818181
644;15;Murcia (Region de);1996;7.0454157;NA;NA;NA;NA;NA;NA;NA;NA;NA;NA;NA;NA;NA;NA;7.0454157
645;15;Murcia (Region de);1997;7.29505838;NA;NA;NA;NA;NA;NA;NA;NA;NA;NA;NA;NA;NA;NA;7.29505838
646;16;Navarra (Comunidad Foral De);1955;2.555127159;NA;NA;NA;NA;NA;NA;NA;NA;NA;NA;NA;NA;NA;NA;2.555127159
647;16;Navarra (Comunidad Foral De);1956;2.698157713;NA;NA;NA;NA;NA;NA;NA;NA;NA;NA;NA;NA;NA;NA;2.698157713
648;16;Navarra (Comunidad Foral De);1957;2.839831494;NA;NA;NA;NA;NA;NA;NA;NA;NA;NA;NA;NA;NA;NA;2.839831494
649;16;Navarra (Comunidad Foral De);1958;2.881890792;NA;NA;NA;NA;NA;NA;NA;NA;NA;NA;NA;NA;NA;NA;2.881890792
650;16;Navarra (Comunidad Foral De);1959;2.93087691;NA;NA;NA;NA;NA;NA;NA;NA;NA;NA;NA;NA;NA;NA;2.93087691
651;16;Navarra (Comunidad Foral De);1960;3.163524629;NA;NA;NA;NA;NA;NA;NA;NA;NA;NA;NA;NA;NA;NA;3.163524629
652;16;Navarra (Comunidad Foral De);1961;3.335904054;29.23999977;3.450000048;24.71999931;6.230000019;29.90999985;6.449999809;NA;NA;NA;NA;NA;NA;NA;NA;3.335904054
653;16;Navarra (Comunidad Foral De);1962;3.623393412;NA;NA;NA;NA;NA;NA;NA;NA;NA;NA;NA;NA;NA;NA;3.623393412
654;16;Navarra (Comunidad Foral De);1963;3.894815715;29.79000092;2.799999952;26.04000092;6.460000038;29.54000092;5.369999886;NA;NA;NA;NA;NA;NA;NA;NA;3.894815715
655;16;Navarra (Comunidad Foral De);1964;3.985147223;NA;NA;NA;NA;NA;NA;13.38981342;274.2478638;15.84916401;5.543560982;3.868285418;NA;19.18581963;4.814331455;3.985147223
656;16;Navarra (Comunidad Foral De);1965;4.072979184;24.39999962;2.680000067;28.85000038;7.349999905;30.56999969;6.159999847;13.4128046;276.3635559;17.10400963;5.885342598;3.97963047;NA;21.20975304;5.207429766;4.072979184
657;16;Navarra (Comunidad Foral De);1966;4.210011478;NA;NA;NA;NA;NA;NA;13.43297195;278.7472839;18.50644684;6.273571968;4.099970818;NA;19.84472466;4.713698469;4.210011478
658;16;Navarra (Comunidad Foral De);1967;4.352399384;22.52000046;2.359999895;29.81999969;7.090000153;30.76000023;7.449999809;13.45038414;281.8938904;20.12865639;6.712483883;4.244439125;NA;17.98397636;4.131968318;4.352399384
659;16;Navarra (Comunidad Foral De);1968;4.556983527;NA;NA;NA;NA;NA;NA;13.46510983;283.6307678;23.67903328;7.183292389;4.32393074;NA;18.74100494;4.112590013;4.556983527
660;16;Navarra (Comunidad Foral De);1969;4.765709902;17.56999969;2.410000086;32.56000137;7.78000021;31.55999947;8.119999886;13.47721386;285.131012;27.43830299;7.703865051;4.62594986;44.16999817;22.76567459;4.776974482;4.765709902
661;16;Navarra (Comunidad Foral De);1970;4.9794345;NA;NA;NA;NA;NA;NA;NA;NA;NA;NA;NA;NA;22.24440575;4.467255418;4.9794345
662;16;Navarra (Comunidad Foral De);1971;5.199657049;NA;NA;NA;NA;NA;NA;NA;NA;NA;NA;NA;NA;19.59052467;3.767657076;5.199657049
663;16;Navarra (Comunidad Foral De);1972;5.466795254;NA;NA;NA;NA;NA;NA;NA;NA;NA;NA;NA;NA;20.1721096;3.689933255;5.466795254
664;16;Navarra (Comunidad Foral De);1973;5.73050557;NA;NA;NA;NA;NA;NA;NA;NA;NA;NA;NA;NA;22.51838303;3.929563064;5.73050557
665;16;Navarra (Comunidad Foral De);1974;5.984789955;NA;NA;NA;NA;NA;NA;NA;NA;NA;NA;NA;NA;25.00856781;4.178687639;5.984789955
666;16;Navarra (Comunidad Foral De);1975;6.222936461;NA;NA;NA;NA;NA;NA;NA;NA;NA;NA;NA;NA;27.48448944;4.41664311;6.222936461
667;16;Navarra (Comunidad Foral De);1976;6.297772083;NA;NA;NA;NA;NA;NA;NA;NA;NA;NA;NA;NA;27.74733353;4.405896746;6.297772083
668;16;Navarra (Comunidad Foral De);1977;6.384461704;NA;NA;NA;NA;NA;NA;NA;NA;NA;NA;NA;NA;24.10563087;3.775671621;6.384461704
669;16;Navarra (Comunidad Foral De);1978;6.324193192;NA;NA;NA;NA;NA;NA;NA;NA;NA;NA;NA;NA;22.79099464;3.603779004;6.324193192
670;16;Navarra (Comunidad Foral De);1979;6.239645728;NA;NA;NA;NA;NA;NA;NA;NA;NA;NA;NA;NA;22.81238365;3.656038282;6.239645728
671;16;Navarra (Comunidad Foral De);1980;6.208440393;NA;NA;NA;NA;NA;NA;NA;NA;NA;NA;NA;NA;19.29247856;3.107459739;6.208440393
672;16;Navarra (Comunidad Foral De);1981;6.177877924;NA;NA;NA;NA;NA;NA;NA;NA;NA;NA;NA;NA;16.80623817;2.720390138;6.177877924
673;16;Navarra (Comunidad Foral De);1982;6.362039435;NA;NA;NA;NA;NA;NA;NA;NA;NA;NA;NA;NA;15.86588955;2.493837033;6.362039435
674;16;Navarra (Comunidad Foral De);1983;6.544701653;NA;NA;NA;NA;NA;NA;NA;NA;NA;NA;NA;NA;14.97114182;2.2875209;6.544701653
675;16;Navarra (Comunidad Foral De);1984;6.797200835;NA;NA;NA;NA;NA;NA;NA;NA;NA;NA;NA;NA;13.39590359;1.970797084;6.797200835
676;16;Navarra (Comunidad Foral De);1985;7.047771856;NA;NA;NA;NA;NA;NA;NA;NA;NA;NA;NA;NA;15.86438751;2.250979152;7.047771856
677;16;Navarra (Comunidad Foral De);1986;7.449299851;NA;NA;NA;NA;NA;NA;NA;NA;NA;NA;NA;NA;17.94288254;2.408666975;7.449299851
678;16;Navarra (Comunidad Foral De);1987;7.879177552;NA;NA;NA;NA;NA;NA;NA;NA;NA;NA;NA;NA;19.56915474;2.483654494;7.879177552
679;16;Navarra (Comunidad Foral De);1988;8.349757561;NA;NA;NA;NA;NA;NA;NA;NA;NA;NA;NA;NA;20.59506798;2.466546822;8.349757561
680;16;Navarra (Comunidad Foral De);1989;8.803913342;NA;NA;NA;NA;NA;NA;NA;NA;NA;NA;NA;NA;22.34732056;2.538339451;8.803913342
681;16;Navarra (Comunidad Foral De);1990;9.197372179;NA;NA;NA;NA;NA;NA;NA;NA;NA;NA;NA;NA;23.67470932;2.574073209;9.197372179
682;16;Navarra (Comunidad Foral De);1991;9.591544924;NA;NA;NA;NA;NA;NA;NA;NA;NA;NA;NA;NA;23.56860733;2.457227435;9.591544924
683;16;Navarra (Comunidad Foral De);1992;9.345186741;NA;NA;NA;NA;NA;NA;NA;NA;NA;NA;NA;NA;25.57945251;2.737179387;9.345186741
684;16;Navarra (Comunidad Foral De);1993;9.117395379;NA;NA;NA;NA;NA;NA;NA;NA;NA;NA;NA;NA;23.45549583;2.572609266;9.117395379
685;16;Navarra (Comunidad Foral De);1994;9.365895284;NA;NA;NA;NA;NA;NA;NA;NA;NA;NA;NA;NA;25.15974045;2.686314515;9.365895284
686;16;Navarra (Comunidad Foral De);1995;9.758640214;NA;NA;NA;NA;NA;NA;NA;NA;NA;NA;NA;NA;25.05431747;2.567398421;9.758640214
687;16;Navarra (Comunidad Foral De);1996;10.06069712;NA;NA;NA;NA;NA;NA;NA;NA;NA;NA;NA;NA;NA;NA;10.06069712
688;16;Navarra (Comunidad Foral De);1997;10.52270762;NA;NA;NA;NA;NA;NA;NA;NA;NA;NA;NA;NA;NA;NA;10.52270762
689;17;Basque Country (Pais Vasco);1955;3.85318463;NA;NA;NA;NA;NA;NA;NA;NA;NA;NA;NA;NA;NA;NA;3.85318463
690;17;Basque Country (Pais Vasco);1956;3.945658296;NA;NA;NA;NA;NA;NA;NA;NA;NA;NA;NA;NA;NA;NA;3.945658296
691;17;Basque Country (Pais Vasco);1957;4.033561735;NA;NA;NA;NA;NA;NA;NA;NA;NA;NA;NA;NA;NA;NA;4.033561735
692;17;Basque Country (Pais Vasco);1958;4.023421897;NA;NA;NA;NA;NA;NA;NA;NA;NA;NA;NA;NA;NA;NA;4.023421897
693;17;Basque Country (Pais Vasco);1959;4.013781968;NA;NA;NA;NA;NA;NA;NA;NA;NA;NA;NA;NA;NA;NA;4.013781968
694;17;Basque Country (Pais Vasco);1960;4.285918396;NA;NA;NA;NA;NA;NA;NA;NA;NA;NA;NA;NA;NA;NA;4.285918396
695;17;Basque Country (Pais Vasco);1961;4.574336096;7.960000038;4.730000019;44.25999832;5.53000021;33.59000015;3.940000057;NA;NA;NA;NA;NA;NA;NA;NA;4.574336096
696;17;Basque Country (Pais Vasco);1962;4.898957354;NA;NA;NA;NA;NA;NA;NA;NA;NA;NA;NA;NA;NA;NA;4.898957354
697;17;Basque Country (Pais Vasco);1963;5.197014982;8.109999657;4.25;44.43000031;5.920000076;33.86999893;3.430000067;NA;NA;NA;NA;NA;NA;NA;NA;5.197014982
698;17;Basque Country (Pais Vasco);1964;5.338902979;NA;NA;NA;NA;NA;NA;36.36323929;969.1400146;67.97333527;21.691782;12.26130009;NA;23.81915283;4.461432045;5.338902979
699;17;Basque Country (Pais Vasco);1965;5.465153005;6.730000019;4.050000191;46.22000122;6.369999886;33;3.640000105;37.83104324;992.8278809;74.17771149;23.06218338;12.68663692;NA;25.46043968;4.658687443;5.465153005
700;17;Basque Country (Pais Vasco);1966;5.545915627;NA;NA;NA;NA;NA;NA;39.25489807;1018.143127;81.12030029;24.6179657;13.14469528;NA;25.01734543;4.510949519;5.545915627
701;17;Basque Country (Pais Vasco);1967;5.614895727;5.889999866;3.75;45.11000061;6.480000019;34.22000122;4.550000191;40.63569641;1046.987183;89.13615417;26.37642288;13.68473911;NA;23.43603325;4.173903558;5.614895727
702;17;Basque Country (Pais Vasco);1968;5.852184933;NA;NA;NA;NA;NA;NA;41.97431183;1070.119995;105.8887863;28.26433182;14.01916599;NA;23.77839088;4.06316464;5.852184933
703;17;Basque Country (Pais Vasco);1969;6.081405417;5.53000021;3.75;45.38999939;6.449999809;34.09000015;4.800000191;43.27159882;1093.235596;123.8557205;30.35246468;15.08178139;246.8899994;26.37293625;4.336651553;6.081405417
704;17;Basque Country (Pais Vasco);1970;6.170094241;NA;NA;NA;NA;NA;NA;NA;NA;NA;NA;NA;NA;25.49704361;4.132358861;6.170094241
705;17;Basque Country (Pais Vasco);1971;6.283633405;NA;NA;NA;NA;NA;NA;NA;NA;NA;NA;NA;NA;22.71631241;3.615155587;6.283633405
706;17;Basque Country (Pais Vasco);1972;6.555555399;NA;NA;NA;NA;NA;NA;NA;NA;NA;NA;NA;NA;24.56880569;3.747784009;6.555555399
707;17;Basque Country (Pais Vasco);1973;6.810768561;NA;NA;NA;NA;NA;NA;NA;NA;NA;NA;NA;NA;23.05186272;3.384619887;6.810768561
708;17;Basque Country (Pais Vasco);1974;7.105184303;NA;NA;NA;NA;NA;NA;NA;NA;NA;NA;NA;NA;23.78666115;3.347789464;7.105184303
709;17;Basque Country (Pais Vasco);1975;7.377891682;NA;NA;NA;NA;NA;NA;NA;NA;NA;NA;NA;NA;19.8656044;2.692585532;7.377891682
710;17;Basque Country (Pais Vasco);1976;7.232933622;NA;NA;NA;NA;NA;NA;NA;NA;NA;NA;NA;NA;20.36564255;2.815682213;7.232933622
711;17;Basque Country (Pais Vasco);1977;7.089831372;NA;NA;NA;NA;NA;NA;NA;NA;NA;NA;NA;NA;20.08889389;2.833479788;7.089831372
712;17;Basque Country (Pais Vasco);1978;6.786703607;NA;NA;NA;NA;NA;NA;NA;NA;NA;NA;NA;NA;18.54961395;2.733228829;6.786703607
713;17;Basque Country (Pais Vasco);1979;6.639817387;NA;NA;NA;NA;NA;NA;NA;NA;NA;NA;NA;NA;16.30175972;2.455151817;6.639817387
714;17;Basque Country (Pais Vasco);1980;6.562839171;NA;NA;NA;NA;NA;NA;NA;NA;NA;NA;NA;NA;16.53400421;2.519337101;6.562839171
715;17;Basque Country (Pais Vasco);1981;6.500785455;NA;NA;NA;NA;NA;NA;NA;NA;NA;NA;NA;NA;15.79560757;2.429799857;6.500785455
716;17;Basque Country (Pais Vasco);1982;6.545058607;NA;NA;NA;NA;NA;NA;NA;NA;NA;NA;NA;NA;14.40205383;2.200446886;6.545058607
717;17;Basque Country (Pais Vasco);1983;6.595329801;NA;NA;NA;NA;NA;NA;NA;NA;NA;NA;NA;NA;15.04167366;2.280655269;6.595329801
718;17;Basque Country (Pais Vasco);1984;6.76149675;NA;NA;NA;NA;NA;NA;NA;NA;NA;NA;NA;NA;14.71257973;2.17593534;6.76149675
719;17;Basque Country (Pais Vasco);1985;6.937160672;NA;NA;NA;NA;NA;NA;NA;NA;NA;NA;NA;NA;15.68407536;2.260878203;6.937160672
720;17;Basque Country (Pais Vasco);1986;7.332191151;NA;NA;NA;NA;NA;NA;NA;NA;NA;NA;NA;NA;16.3246994;2.226442146;7.332191151
721;17;Basque Country (Pais Vasco);1987;7.742788124;NA;NA;NA;NA;NA;NA;NA;NA;NA;NA;NA;NA;15.58895683;2.013351855;7.742788124
722;17;Basque Country (Pais Vasco);1988;8.120536641;NA;NA;NA;NA;NA;NA;NA;NA;NA;NA;NA;NA;16.84757233;2.074687065;8.120536641
723;17;Basque Country (Pais Vasco);1989;8.509711162;NA;NA;NA;NA;NA;NA;NA;NA;NA;NA;NA;NA;19.78380966;2.324850901;8.509711162
724;17;Basque Country (Pais Vasco);1990;8.776777889;NA;NA;NA;NA;NA;NA;NA;NA;NA;NA;NA;NA;19.93478012;2.271309628;8.776777889
725;17;Basque Country (Pais Vasco);1991;9.025278666;NA;NA;NA;NA;NA;NA;NA;NA;NA;NA;NA;NA;20.0072422;2.216800494;9.025278666
726;17;Basque Country (Pais Vasco);1992;8.873892825;NA;NA;NA;NA;NA;NA;NA;NA;NA;NA;NA;NA;19.93942642;2.24697625;8.873892825
727;17;Basque Country (Pais Vasco);1993;8.718223539;NA;NA;NA;NA;NA;NA;NA;NA;NA;NA;NA;NA;17.97527313;2.06180457;8.718223539
728;17;Basque Country (Pais Vasco);1994;9.018137849;NA;NA;NA;NA;NA;NA;NA;NA;NA;NA;NA;NA;17.89370537;1.984190713;9.018137849
729;17;Basque Country (Pais Vasco);1995;9.440873862;NA;NA;NA;NA;NA;NA;NA;NA;NA;NA;NA;NA;19.26632118;2.040734943;9.440873862
730;17;Basque Country (Pais Vasco);1996;9.686518138;NA;NA;NA;NA;NA;NA;NA;NA;NA;NA;NA;NA;NA;NA;9.686518138
731;17;Basque Country (Pais Vasco);1997;10.17066587;NA;NA;NA;NA;NA;NA;NA;NA;NA;NA;NA;NA;NA;NA;10.17066587
732;18;Rioja (La);1955;2.390459938;NA;NA;NA;NA;NA;NA;NA;NA;NA;NA;NA;NA;NA;NA;2.390459938
733;18;Rioja (La);1956;2.535204219;NA;NA;NA;NA;NA;NA;NA;NA;NA;NA;NA;NA;NA;NA;2.535204219
734;18;Rioja (La);1957;2.680019977;NA;NA;NA;NA;NA;NA;NA;NA;NA;NA;NA;NA;NA;NA;2.680019977
735;18;Rioja (La);1958;2.726435287;NA;NA;NA;NA;NA;NA;NA;NA;NA;NA;NA;NA;NA;NA;2.726435287
736;18;Rioja (La);1959;2.772850597;NA;NA;NA;NA;NA;NA;NA;NA;NA;NA;NA;NA;NA;NA;2.772850597
737;18;Rioja (La);1960;2.969865709;NA;NA;NA;NA;NA;NA;NA;NA;NA;NA;NA;NA;NA;NA;2.969865709
738;18;Rioja (La);1961;3.153170575;32.72000122;3.089999914;27.56999969;4.340000153;26.22999954;6.050000191;NA;NA;NA;NA;NA;NA;NA;NA;3.153170575
739;18;Rioja (La);1962;3.404384462;NA;NA;NA;NA;NA;NA;NA;NA;NA;NA;NA;NA;NA;NA;3.404384462
740;18;Rioja (La);1963;3.669237553;34.43000031;2.99000001;25.38999939;4.739999771;27.06999969;5.380000114;NA;NA;NA;NA;NA;NA;NA;NA;3.669237553
741;18;Rioja (La);1964;3.803984733;NA;NA;NA;NA;NA;NA;10.23792553;151.3208923;8.609827042;3.063398361;1.81167531;NA;16.63018799;4.37178095;3.803984733
742;18;Rioja (La);1965;3.921808212;31.95000076;3.019999981;25.95999908;5.349999905;27.63999939;6.079999924;9.790541649;151.5136566;8.872441292;3.168996572;1.779596806;NA;17.72828484;4.520436462;3.921808212
743;18;Rioja (La);1966;4.032704872;NA;NA;NA;NA;NA;NA;9.353001595;151.8858337;9.161633492;3.291106462;1.746835828;NA;17.61055756;4.366934382;4.032704872
744;18;Rioja (La);1967;4.160311235;27.60000038;2.789999962;27.03000069;5.650000095;29.51000023;7.429999828;8.925125122;152.7118683;9.503626823;3.430240393;1.718967676;NA;16.5963726;3.989214188;4.160311235
745;18;Rioja (La);1968;4.37303645;NA;NA;NA;NA;NA;NA;8.506735802;152.9564362;10.65500927;3.57529521;1.66027391;NA;18.9667511;4.337203981;4.37303645
746;18;Rioja (La);1969;4.603541793;24.90999985;2.549999952;27.11000061;6.110000134;31.04999924;8.279999733;8.097660065;153.2281036;11.7576704;3.733982325;1.679227233;46.58000183;20.80343819;4.51900713;4.603541793
747;18;Rioja (La);1970;4.793416306;NA;NA;NA;NA;NA;NA;NA;NA;NA;NA;NA;NA;21.56583595;4.499053405;4.793416306
748;18;Rioja (La);1971;4.983361862;NA;NA;NA;NA;NA;NA;NA;NA;NA;NA;NA;NA;19.59329224;3.93174182;4.983361862
749;18;Rioja (La);1972;5.230076999;NA;NA;NA;NA;NA;NA;NA;NA;NA;NA;NA;NA;20.89088631;3.994374521;5.230076999
750;18;Rioja (La);1973;5.474649978;NA;NA;NA;NA;NA;NA;NA;NA;NA;NA;NA;NA;20.77313805;3.794423046;5.474649978
751;18;Rioja (La);1974;5.575835667;NA;NA;NA;NA;NA;NA;NA;NA;NA;NA;NA;NA;23.36484718;4.190375861;5.575835667
752;18;Rioja (La);1975;5.67609258;NA;NA;NA;NA;NA;NA;NA;NA;NA;NA;NA;NA;22.5327282;3.969760514;5.67609258
753;18;Rioja (La);1976;5.816552326;NA;NA;NA;NA;NA;NA;NA;NA;NA;NA;NA;NA;31.17586136;5.359852299;5.816552326
754;18;Rioja (La);1977;5.955798256;NA;NA;NA;NA;NA;NA;NA;NA;NA;NA;NA;NA;36.6737175;6.15764939;5.955798256
755;18;Rioja (La);1978;6.066552396;NA;NA;NA;NA;NA;NA;NA;NA;NA;NA;NA;NA;39.07185364;6.440536747;6.066552396
756;18;Rioja (La);1979;6.101042664;NA;NA;NA;NA;NA;NA;NA;NA;NA;NA;NA;NA;31.26115227;5.123903239;6.101042664
757;18;Rioja (La);1980;6.10868339;NA;NA;NA;NA;NA;NA;NA;NA;NA;NA;NA;NA;25.49139595;4.172977108;6.10868339
758;18;Rioja (La);1981;6.139960203;NA;NA;NA;NA;NA;NA;NA;NA;NA;NA;NA;NA;19.74705696;3.216153901;6.139960203
759;18;Rioja (La);1982;6.309768603;NA;NA;NA;NA;NA;NA;NA;NA;NA;NA;NA;NA;19.57713127;3.102670241;6.309768603
760;18;Rioja (La);1983;6.502142228;NA;NA;NA;NA;NA;NA;NA;NA;NA;NA;NA;NA;17.32510376;2.664522422;6.502142228
761;18;Rioja (La);1984;6.626892526;NA;NA;NA;NA;NA;NA;NA;NA;NA;NA;NA;NA;17.84762573;2.693211888;6.626892526
762;18;Rioja (La);1985;6.77556395;NA;NA;NA;NA;NA;NA;NA;NA;NA;NA;NA;NA;16.55730438;2.443679154;6.77556395
763;18;Rioja (La);1986;7.165095861;NA;NA;NA;NA;NA;NA;NA;NA;NA;NA;NA;NA;16.64095879;2.3225033;7.165095861
764;18;Rioja (La);1987;7.580691057;NA;NA;NA;NA;NA;NA;NA;NA;NA;NA;NA;NA;18.57287788;2.450024377;7.580691057
765;18;Rioja (La);1988;8.002713162;NA;NA;NA;NA;NA;NA;NA;NA;NA;NA;NA;NA;21.5775795;2.696283006;8.002713162
766;18;Rioja (La);1989;8.453299406;NA;NA;NA;NA;NA;NA;NA;NA;NA;NA;NA;NA;22.79096985;2.696103468;8.453299406
767;18;Rioja (La);1990;8.858897284;NA;NA;NA;NA;NA;NA;NA;NA;NA;NA;NA;NA;21.09278107;2.3809714;8.858897284
768;18;Rioja (La);1991;9.229505855;NA;NA;NA;NA;NA;NA;NA;NA;NA;NA;NA;NA;18.91192436;2.049072254;9.229505855
769;18;Rioja (La);1992;9.180947952;NA;NA;NA;NA;NA;NA;NA;NA;NA;NA;NA;NA;21.86203766;2.38123969;9.180947952
770;18;Rioja (La);1993;9.13239092;NA;NA;NA;NA;NA;NA;NA;NA;NA;NA;NA;NA;16.76578712;1.835859554;9.13239092
771;18;Rioja (La);1994;9.498000397;NA;NA;NA;NA;NA;NA;NA;NA;NA;NA;NA;NA;16.4694519;1.733991495;9.498000397
772;18;Rioja (La);1995;9.752213305;NA;NA;NA;NA;NA;NA;NA;NA;NA;NA;NA;NA;20.27565002;2.079081885;9.752213305
773;18;Rioja (La);1996;10.0564128;NA;NA;NA;NA;NA;NA;NA;NA;NA;NA;NA;NA;NA;NA;10.0564128
774;18;Rioja (La);1997;10.47629231;NA;NA;NA;NA;NA;NA;NA;NA;NA;NA;NA;NA;NA;NA;10.47629231
